,ctx_lens,batch_size,num_heads,head_size,block_size,dtype,qlen,trans_v,us_hip_bf16,us_triton_fp8,us_gluon_fp8,err_gluon_fp8,gluon_fp8_bandwith(TB/s),us_asm_fp8,asm_fp8_bandwith(TB/s),us_hip_fp8,perf_fp8_gluon_vs_hip,perf_fp8_gluon_vs_asm
0,512,4,"(5, 1)",128,16,torch.bfloat16,1,True,14.177591836734736,19.170525252525284,12.005656363636287,0,0.04010557661258654,9.400257731958758,0.05171670796817388,13.689757575757554,114%,78%
1,512,4,"(5, 1)",128,16,torch.bfloat16,2,True,17.63889361702128,24.346801484230085,11.627222016079156,0,0.04181139598753578,9.385820000000008,0.052788526702561324,16.288460000000033,140%,81%
2,512,4,"(5, 1)",128,16,torch.bfloat16,3,True,20.161030927835004,,11.859553877551011,0,0.041384946001333765,,,19.412060000000068,164%,NaN
3,512,4,"(5, 1)",128,16,torch.bfloat16,4,True,22.79520408163265,,14.307488041237045,0,0.03462967141872907,13.87737894736841,0.037045184334699735,46.58544897959176,326%,97%
4,512,80,"(5, 1)",128,16,torch.bfloat16,1,True,17.84424444444433,33.10113515151521,15.867519274376356,0,0.6068923096929738,10.482773195876291,0.9275224692269816,16.762545454545407,106%,66%
5,512,80,"(5, 1)",128,16,torch.bfloat16,2,True,24.333931818181842,43.28528824742275,16.240820000000006,0,0.5986771406237857,10.429244897959189,0.9501428234605703,22.553640000000033,139%,64%
6,512,80,"(5, 1)",128,16,torch.bfloat16,3,True,29.627080459770077,,16.401109795918387,0,0.5985046169796391,,,28.52369696969696,174%,NaN
7,512,80,"(5, 1)",128,16,torch.bfloat16,4,True,36.18018390804603,,20.042460000000066,0,0.4944139688395864,14.870240000000008,0.6914347867791559,104.99392000000003,524%,74%
8,512,128,"(5, 1)",128,16,torch.bfloat16,1,True,23.117662921348312,59.300659377277945,20.66058000000013,0,0.7457583801828591,15.126292929292942,1.0284616567387956,20.621362637362687,100%,73%
9,512,128,"(5, 1)",128,16,torch.bfloat16,2,True,35.743782608695554,79.70781137692725,21.516387070707136,0,0.7230215851413234,19.06464000000001,0.8316357146137506,35.92312500000006,167%,89%
10,512,128,"(5, 1)",128,16,torch.bfloat16,3,True,48.83231460674156,,21.737285306122388,0,0.7225292246540015,,,47.140463157894686,217%,NaN
11,512,128,"(5, 1)",128,16,torch.bfloat16,4,True,59.795934065934006,,27.335260000000005,0,0.5800140737733572,27.164463917525772,0.6056030410890659,184.81897999999993,676%,99%
12,4096,4,"(5, 1)",128,16,torch.bfloat16,1,True,14.512464646464716,21.709545154639166,14.306824040404022,0,0.2669602888601836,35.08577083333333,0.10899035137452767,14.385239999999994,101%,245%
13,4096,4,"(5, 1)",128,16,torch.bfloat16,2,True,18.479659999999882,26.79646060606067,14.52794727272726,0,0.2632175364891238,33.8968556701031,0.11308788503643676,17.27117171717161,119%,233%
14,4096,4,"(5, 1)",128,16,torch.bfloat16,3,True,21.17402,,14.755963232323317,0,0.25946575252081394,60.83836734693877,0.06316140801330718,20.282545454545417,137%,412%
15,4096,4,"(5, 1)",128,16,torch.bfloat16,4,True,23.84564000000007,,18.03912471655333,0,0.21250053854329848,61.075474226804154,0.06306869029465702,57.41699999999998,318%,339%
16,4096,80,"(5, 1)",128,16,torch.bfloat16,1,True,63.187978723404285,217.23834920634923,52.93641183673475,0,1.4429968885226445,39.932168539325836,1.915253106079229,51.350836734693885,97%,75%
17,4096,80,"(5, 1)",128,16,torch.bfloat16,2,True,90.1237473684211,299.33052000000004,54.80382908163262,0,1.3955267562327183,36.146061224489785,2.1210187706538512,98.09152000000002,179%,66%
18,4096,80,"(5, 1)",128,16,torch.bfloat16,3,True,135.26497959183675,,56.728970612244886,0,1.3498101809088063,62.40508421052627,1.2315140637901107,132.04080000000013,233%,110%
19,4096,80,"(5, 1)",128,16,torch.bfloat16,4,True,167.93828571428568,,74.2564991666666,0,1.0324547373324249,62.41632653061223,1.2342764730700453,643.5658144329894,867%,84%
20,4096,128,"(5, 1)",128,16,torch.bfloat16,1,True,96.15674358974363,350.76894736842115,79.06388282828293,0,1.5458300268073586,67.21495959595964,1.8205520982152403,74.96771134020625,95%,85%
21,4096,128,"(5, 1)",128,16,torch.bfloat16,2,True,137.4622340425532,482.85406680851037,81.41322808080812,0,1.5030522509489257,69.97982474226806,1.7528817684172187,151.5209090909091,186%,86%
22,4096,128,"(5, 1)",128,16,torch.bfloat16,3,True,211.76908000000006,,84.11578141414144,0,1.4565322377807448,122.44308247422687,1.0042574859017754,208.13906000000003,247%,146%
23,4096,128,"(5, 1)",128,16,torch.bfloat16,4,True,264.4600600000001,,112.1938866666666,0,1.0933426284820804,122.54281818181812,1.005872128814779,1024.5818144329892,913%,109%
24,4097,4,"(5, 1)",128,16,torch.bfloat16,1,True,14.609353535353515,23.00779076479084,15.744270101010118,0,0.2426460659378291,37.06386597938143,0.1031986737722821,14.405367346938883,91%,235%
25,4097,4,"(5, 1)",128,16,torch.bfloat16,2,True,18.308840000000046,28.07771717171719,15.965050303030203,0,0.23958219619388146,35.863865979381444,0.10691136984217715,17.17703030303034,108%,225%
26,4097,4,"(5, 1)",128,16,torch.bfloat16,3,True,21.249659999999995,,16.065438383838327,0,0.23837497211849415,65.0637916666666,0.059073843792095064,20.36410101010101,127%,405%
27,4097,4,"(5, 1)",128,16,torch.bfloat16,4,True,23.916479999999957,,20.70929999999998,0,0.1851465302879348,65.0901111111111,0.0591930390871085,57.280159999999995,277%,314%
28,4097,80,"(5, 1)",128,16,torch.bfloat16,1,True,65.10844444444453,231.5352200000001,56.61004844361979,0,1.3496844839754791,41.501304347826064,1.8432875178517754,53.809204081632615,95%,73%
29,4097,80,"(5, 1)",128,16,torch.bfloat16,2,True,96.15432000000001,317.85252566906195,58.27456000000002,0,1.3127312549235097,38.02840206185567,2.016521774149363,103.7742448979592,178%,65%
30,4097,80,"(5, 1)",128,16,torch.bfloat16,3,True,144.2763368421053,,60.56783999999997,0,1.2645649661004417,66.50246938775517,1.155917457148074,141.07844897959188,233%,110%
31,4097,80,"(5, 1)",128,16,torch.bfloat16,4,True,178.13915151515147,,80.50859151515154,0,0.9525082894961159,66.51063265306121,1.1585761065548674,683.331936842105,849%,83%
32,4097,128,"(5, 1)",128,16,torch.bfloat16,1,True,100.3296216216216,375.04024979591856,84.42266000000001,0,1.4480605850884836,69.64781632653059,1.7573865844181553,79.76844897959184,94%,82%
33,4097,128,"(5, 1)",128,16,torch.bfloat16,2,True,146.44847916666663,517.2163856511675,86.82113515151521,0,1.4097735284462996,73.71249473684209,1.6645232495274245,161.7773,186%,85%
34,4097,128,"(5, 1)",128,16,torch.bfloat16,3,True,227.936101010101,,90.08628,0,1.3603308923201525,130.54374226804123,0.9421683671476077,224.99789583333333,250%,145%
35,4097,128,"(5, 1)",128,16,torch.bfloat16,4,True,284.1686734693877,,127.78988825757575,0,0.9601398275177521,130.77149999999997,0.942806404437477,1099.3201458333326,860%,102%
36,512,4,"(8, 1)",128,16,torch.bfloat16,1,True,14.13021052631582,19.183419972925115,12.101333131313172,0,0.04001937088624684,9.452489795918368,0.05202209470877267,13.709959595959592,113%,78%
37,512,4,"(8, 1)",128,16,torch.bfloat16,2,True,17.629151515151516,24.471917525773193,12.245775510204265,0,0.04015575158855498,9.694260000000002,0.05226180034276161,16.439680000000013,134%,79%
38,512,4,"(8, 1)",128,16,torch.bfloat16,3,True,20.372816326530554,,15.721381414141387,0,0.03175222881781087,,,19.27484,123%,NaN
39,512,4,"(8, 1)",128,16,torch.bfloat16,4,True,22.802294736842075,,15.74954303030302,0,0.03216851940504032,14.334340425531906,0.03742354283863813,46.805061224489755,297%,91%
40,512,80,"(8, 1)",128,16,torch.bfloat16,1,True,17.645046511628003,33.21223157894737,15.92686000000002,0,0.6081396317918889,10.379040000000009,0.9475603127013137,16.85289999999994,106%,65%
41,512,80,"(8, 1)",128,16,torch.bfloat16,2,True,26.276705882352925,43.68776060606057,16.39094141414136,0,0.6000122957827463,10.553306122448982,0.9601531021887014,24.694626262626254,151%,64%
42,512,80,"(8, 1)",128,16,torch.bfloat16,3,True,33.54243902439013,,20.66305050505056,0,0.4831705752951456,,,32.35290909090908,157%,NaN
43,512,80,"(8, 1)",128,16,torch.bfloat16,4,True,40.47445454545454,,21.63444877344883,0,0.46836366010175434,15.263530612244887,0.7029065772609189,109.11915999999994,504%,71%
44,512,128,"(8, 1)",128,16,torch.bfloat16,1,True,25.453545454545427,59.820759591836705,20.739659999999954,0,0.7472257328037968,15.151420000000005,1.0385578527097208,23.21526000000001,112%,73%
45,512,128,"(8, 1)",128,16,torch.bfloat16,2,True,39.24668085106384,80.38096990311269,21.532697588126126,0,0.7307782109650902,19.197860000000002,0.8444932601293187,38.99772340425525,181%,89%
46,512,128,"(8, 1)",128,16,torch.bfloat16,3,True,53.96505376344093,,28.78035051546383,0,0.5550330177953097,,,51.58757142857139,179%,NaN
47,512,128,"(8, 1)",128,16,torch.bfloat16,4,True,66.47505617977535,,30.02158979591829,0,0.5400268103426848,27.34018681318682,0.627871997093775,192.603525773196,642%,91%
48,4096,4,"(8, 1)",128,16,torch.bfloat16,1,True,14.633212121212132,21.697700000000005,14.47725656565661,0,0.2640105070244413,35.091646464646466,0.10913134072170212,14.210585858585986,98%,242%
49,4096,4,"(8, 1)",128,16,torch.bfloat16,2,True,18.429199999999994,27.14482292310873,14.798242424242423,0,0.25878738278710817,34.09748979591836,0.11275022328690311,17.0884999999999,115%,230%
50,4096,4,"(8, 1)",128,16,torch.bfloat16,3,True,21.232839999999968,,18.946323232323195,0,0.20252209150900632,,,19.99927272727274,106%,NaN
51,4096,4,"(8, 1)",128,16,torch.bfloat16,4,True,23.643679999999925,,19.521030096887145,0,0.1969414302898772,61.17593877551017,0.06333048561162977,56.997360000000135,292%,313%
52,4096,80,"(8, 1)",128,16,torch.bfloat16,1,True,63.71614141414142,219.58831999999992,54.031794693877565,0,1.4147773057980684,39.74174747474746,1.9272420918341522,51.035628865979355,94%,74%
53,4096,80,"(8, 1)",128,16,torch.bfloat16,2,True,92.44959595959587,301.913767368421,57.13702626262629,0,1.3404962341639446,36.19830612244898,2.1241323143728343,98.82252525252527,173%,63%
54,4096,80,"(8, 1)",128,16,torch.bfloat16,3,True,137.38044000000002,,78.43168999999983,0,0.978443536640809,,,130.67602,167%,NaN
55,4096,80,"(8, 1)",128,16,torch.bfloat16,4,True,171.02712244897958,,82.41545999999991,0,0.9329559255054085,62.97673469387761,1.2303914863903023,651.207313131313,790%,76%
56,4096,128,"(8, 1)",128,16,torch.bfloat16,1,True,100.0546842105263,353.31855605670114,79.88365333333331,0,1.5310858476732359,66.966,1.8299905871368023,77.50522448979589,97%,84%
57,4096,128,"(8, 1)",128,16,torch.bfloat16,2,True,142.37682352941164,486.169185591398,84.33956141414149,0,1.453020950114346,70.1842727272727,1.752871149558848,153.17907070707076,182%,83%
58,4096,128,"(8, 1)",128,16,torch.bfloat16,3,True,213.87828000000002,,118.26747917525776,0,1.0382022944392995,,,205.50504,174%,NaN
59,4096,128,"(8, 1)",128,16,torch.bfloat16,4,True,268.8344400000001,,123.73299999999998,0,0.9942698133594615,123.09050515463912,1.0072073469603429,1036.8097575757572,838%,99%
60,4097,4,"(8, 1)",128,16,torch.bfloat16,1,True,14.660400000000006,23.08084000000003,15.754597777777825,0,0.24266434616243066,37.178714285714285,0.10303018334513311,14.408929292929281,91%,236%
61,4097,4,"(8, 1)",128,16,torch.bfloat16,2,True,18.42285999999998,27.977787149849,15.768565656565617,0,0.2429218885738368,35.85787755102038,0.10724089581475756,17.225700000000003,109%,227%
62,4097,4,"(8, 1)",128,16,torch.bfloat16,3,True,21.140727272727286,,21.500823673469434,0,0.17850387446906021,,,19.939740000000064,93%,NaN
63,4097,4,"(8, 1)",128,16,torch.bfloat16,4,True,23.717659999999846,,22.594139999999932,0,0.17019594065484775,65.26748484848481,0.0593746371868192,57.700343434343516,255%,289%
64,4097,80,"(8, 1)",128,16,torch.bfloat16,1,True,66.24139999999991,233.33084000000017,57.52267346938773,0,1.3292425188933874,41.40200000000001,1.8504080717808133,53.89587628865986,94%,72%
65,4097,80,"(8, 1)",128,16,torch.bfloat16,2,True,97.84631999999999,320.13943917525773,60.226205858585885,0,1.2720475064916876,38.053170212765934,2.0210830735449528,103.20853191489354,171%,63%
66,4097,80,"(8, 1)",128,16,torch.bfloat16,3,True,146.01486000000003,,84.52741999999998,0,0.9081030344923309,,,139.87004000000007,165%,NaN
67,4097,80,"(8, 1)",128,16,torch.bfloat16,4,True,181.80255999999997,,88.8492159595959,0,0.8656082935691897,66.99760606060599,1.1568273736436112,692.1064646464647,779%,75%
68,4097,128,"(8, 1)",128,16,torch.bfloat16,1,True,104.68834999999993,377.5243663162234,85.2649620408164,0,1.4348042909222865,69.68328571428569,1.759058154679716,81.97465263157895,96%,82%
69,4097,128,"(8, 1)",128,16,torch.bfloat16,2,True,150.58303225806463,520.7593008080808,89.85990000000001,0,1.364089565875221,73.42644329896903,1.675878384000682,162.7817200000001,181%,82%
70,4097,128,"(8, 1)",128,16,torch.bfloat16,3,True,230.28671999999995,,131.65667943053512,0,0.9328457248877553,,,222.46868000000006,169%,NaN
71,4097,128,"(8, 1)",128,16,torch.bfloat16,4,True,289.6191313131314,,139.1013492845414,0,0.8846340439665965,131.08182828282824,0.9460309264807927,1109.9730515463914,798%,94%
72,512,4,"(10, 1)",128,16,torch.bfloat16,1,True,14.15804081632659,19.318270833333273,12.183918367347045,0,0.03990098827747934,9.26542,0.05347449006040033,13.957265306122455,115%,76%
73,512,4,"(10, 1)",128,16,torch.bfloat16,2,True,17.894969072165008,25.318666454013837,15.421070707070736,0,0.03212900187716919,14.296612244897963,0.035958872800177365,16.680948453608227,108%,93%
74,512,4,"(10, 1)",128,16,torch.bfloat16,3,True,20.731936842105338,,15.236803545660695,0,0.0331287880643014,19.275848484848492,0.027636475411123296,19.805717171717127,130%,127%
75,512,4,"(10, 1)",128,16,torch.bfloat16,4,True,23.243755102040797,,18.59020432989692,0,0.027653814453291414,23.3061515151515,0.023656542514706086,47.055693877551015,253%,125%
76,512,80,"(10, 1)",128,16,torch.bfloat16,1,True,19.841975308641874,33.49408000000003,16.04759999999999,0,0.6058854706613824,10.090081632653071,0.9820804781044334,18.642900000000044,116%,63%
77,512,80,"(10, 1)",128,16,torch.bfloat16,2,True,28.02889655172409,44.543191919192004,20.401972925127584,0,0.48570166376920243,15.031767676767686,0.684004798693496,26.564079999999937,130%,74%
78,512,80,"(10, 1)",128,16,torch.bfloat16,3,True,35.740409090909104,,20.5105937373737,0,0.4922108466531637,20.026690721649484,0.5320065307686309,34.90873469387759,170%,98%
79,512,80,"(10, 1)",128,16,torch.bfloat16,4,True,44.01190804597701,,25.678243197278793,0,0.40040906010441074,24.237848484848488,0.45494381608748613,112.36521212121212,438%,94%
80,512,128,"(10, 1)",128,16,torch.bfloat16,1,True,26.990047619047512,60.36127010309277,21.203138144329944,0,0.7337032933748578,14.493439999999989,1.0939318415955022,25.090124999999954,118%,68%
81,512,128,"(10, 1)",128,16,torch.bfloat16,2,True,41.95894623655923,81.18207636363621,27.868969494949518,0,0.568906414466712,26.8607142857143,0.6124513958572243,41.61642553191478,149%,96%
82,512,128,"(10, 1)",128,16,torch.bfloat16,3,True,58.68776086956521,,28.554505050505043,0,0.5656851241357854,36.550242105263145,0.4663971405898567,55.9214081632653,196%,128%
83,512,128,"(10, 1)",128,16,torch.bfloat16,4,True,72.46854736842099,,37.99688888888892,0,0.43295339273996164,45.99604444444445,0.3835759154208444,196.7776161616162,518%,121%
84,4096,4,"(10, 1)",128,16,torch.bfloat16,1,True,14.659699999999985,21.901659999999993,14.495559393939356,0,0.2638056516101052,33.19993617021276,0.11546177972946217,14.511620000000034,100%,229%
85,4096,4,"(10, 1)",128,16,torch.bfloat16,2,True,18.552459999999865,28.51116727272735,18.63206000000013,0,0.20573805135434742,60.92122222222225,0.0632283796697129,17.248859999999986,93%,327%
86,4096,4,"(10, 1)",128,16,torch.bfloat16,3,True,21.406525252525295,,18.35517151102865,0,0.2093490077471968,88.32214285714284,0.043823400280973875,20.40646000000001,111%,481%
87,4096,4,"(10, 1)",128,16,torch.bfloat16,4,True,24.031679999999998,,22.508479999999928,0,0.1711332870371358,115.48542424242423,0.033677003804654305,57.983212121212034,258%,513%
88,4096,80,"(10, 1)",128,16,torch.bfloat16,1,True,66.58646464646449,221.03993877551022,54.589832702020146,0,1.400997329390842,36.57192000000003,2.096320738488603,53.666755102040796,98%,67%
89,4096,80,"(10, 1)",128,16,torch.bfloat16,2,True,95.32993750000003,304.08471368421056,76.45117510204079,0,1.0028161665274342,62.35837500000002,1.2354235236596907,101.79367441860471,133%,82%
90,4096,80,"(10, 1)",128,16,torch.bfloat16,3,True,143.87726000000004,,76.60326020202024,0,1.0032567628922202,90.1423608247423,0.8587697470287534,136.82740816326537,179%,118%
91,4096,80,"(10, 1)",128,16,torch.bfloat16,4,True,177.94375999999994,,110.67694333333333,0,0.6960709344869485,117.49687500000003,0.6620096188250516,654.4927142857143,591%,106%
92,4096,128,"(10, 1)",128,16,torch.bfloat16,1,True,102.89980487804888,355.5497873469388,81.19463632653064,0,1.5070987599693533,62.07480000000001,1.9761055846777416,80.05082608695652,99%,76%
93,4096,128,"(10, 1)",128,16,torch.bfloat16,2,True,146.00811494252883,490.2055540206185,114.22563595959588,0,1.0738951717558716,122.5316326530612,1.0059639517292298,160.08143750000002,140%,107%
94,4096,128,"(10, 1)",128,16,torch.bfloat16,3,True,224.7882222222223,,115.55386202020206,0,1.0641304411801762,177.23281052631577,0.6988460628449551,214.46979797979793,186%,153%
95,4096,128,"(10, 1)",128,16,torch.bfloat16,4,True,280.6062448979593,,171.32264267676774,0,0.7194752746609531,232.0993061224491,0.5362122807267544,1045.9884599999996,611%,135%
96,4097,4,"(10, 1)",128,16,torch.bfloat16,1,True,14.71282828282821,23.197656565656583,15.80114491857358,0,0.2420673839558114,35.099553191489356,0.10923942589165558,14.47652000000001,92%,222%
97,4097,4,"(10, 1)",128,16,torch.bfloat16,2,True,18.586059999999886,31.291373737373775,21.433320000000087,0,0.1788922593276221,64.69297777777776,0.059556409729955434,17.338040000000138,81%,302%
98,4097,4,"(10, 1)",128,16,torch.bfloat16,3,True,21.569299999999977,,21.069299999999927,0,0.18242505756897914,94.3707346938776,0.04102445482950883,20.549239999999944,98%,448%
99,4097,4,"(10, 1)",128,16,torch.bfloat16,4,True,24.105171717171853,,27.372919999999993,0,0.14075522418449457,124.02928282828286,0.03136464474727876,58.35124489795913,213%,453%
100,4097,80,"(10, 1)",128,16,torch.bfloat16,1,True,69.41719191919188,234.6971651546392,58.0085721212121,0,1.3187505480925625,38.16448453608248,2.0093314956563035,57.2895918367347,99%,66%
101,4097,80,"(10, 1)",128,16,torch.bfloat16,2,True,101.37191208791207,324.349537056928,81.98508247422672,0,0.9353543166581023,66.10504166666662,1.165684611655587,109.05564948453609,133%,81%
102,4097,80,"(10, 1)",128,16,torch.bfloat16,3,True,153.2617916666667,,82.93106606060603,0,0.9269308711476587,96.26179166666668,0.8043706387852659,146.67,177%,116%
103,4097,80,"(10, 1)",128,16,torch.bfloat16,4,True,190.02059999999994,,121.20236577319587,0,0.6357766148548738,125.88591836734692,0.6180412304443895,697.9580434782612,576%,104%
104,4097,128,"(10, 1)",128,16,torch.bfloat16,1,True,106.73246341463421,380.1388599999999,86.68364606060598,0,1.412009572840169,64.13738383838381,1.913020986002746,85.44776344086026,99%,74%
105,4097,128,"(10, 1)",128,16,torch.bfloat16,2,True,156.3455268817204,531.957236905134,128.18051346938776,0,0.957213838119349,129.61818367346936,0.9511953047304682,171.74172,134%,101%
106,4097,128,"(10, 1)",128,16,torch.bfloat16,3,True,241.94826262626262,,130.10401161275036,0,0.9453527448492984,189.56124489795909,0.6535526511884774,232.26279591836735,179%,146%
107,4097,128,"(10, 1)",128,16,torch.bfloat16,4,True,303.56671428571417,,193.48665620094192,0,0.637212974469168,249.0842653061225,0.4997678213853177,1124.2859797979795,581%,129%
108,512,4,"(16, 1)",128,16,torch.bfloat16,1,True,14.1886530612245,18.287194302720998,12.253220000000008,0,0.040131354810978036,9.253161616161622,0.05475312132297797,14.001240000000058,114%,76%
109,512,4,"(16, 1)",128,16,torch.bfloat16,2,True,17.967893617021254,24.34560914407238,15.471659999999986,0,0.032746290998562584,14.202306122448986,0.03777145756142973,16.80205999999989,109%,92%
110,512,4,"(16, 1)",128,16,torch.bfloat16,3,True,20.73463829787236,,18.392181212121283,0,0.028356649805132896,19.626711340206192,0.028850688001215697,19.51117171717175,106%,107%
111,512,4,"(16, 1)",128,16,torch.bfloat16,4,True,23.491416666666783,,21.30565999999996,0,0.025178370582207572,23.346000000000004,0.02553098808163737,47.211062500000004,222%,110%
112,512,80,"(16, 1)",128,16,torch.bfloat16,1,True,22.229855421686693,31.968735353535394,16.38291403834262,0,0.6003062925754317,10.11055555555555,1.0021990934265366,21.058040816326454,129%,62%
113,512,80,"(16, 1)",128,16,torch.bfloat16,2,True,32.875957446808464,43.3411717171718,20.744839999999904,0,0.48844867503516304,15.143323232323226,0.7084862348226015,31.0960612244898,150%,73%
114,512,80,"(16, 1)",128,16,torch.bfloat16,3,True,42.62655421686741,,25.3973131313131,0,0.4107053679955183,20.437060000000002,0.5541346214829439,42.011414141414186,165%,80%
115,512,80,"(16, 1)",128,16,torch.bfloat16,4,True,53.217249999999986,,29.013641311069883,0,0.36978592051032294,24.37847474747475,0.488994044072136,119.54060606060614,412%,84%
116,512,128,"(16, 1)",128,16,torch.bfloat16,1,True,30.763977272727207,56.98405277262416,21.444674545454646,0,0.7337778051772019,14.654838383838392,1.1062874222335763,28.614040816326593,133%,68%
117,512,128,"(16, 1)",128,16,torch.bfloat16,2,True,49.31376086956521,79.43546938775505,28.93481632653058,0,0.5603098770680947,27.157741573033697,0.6320900303564869,49.07384946236557,170%,94%
118,512,128,"(16, 1)",128,16,torch.bfloat16,3,True,69.99082608695653,,37.707113737373845,0,0.4426035005847604,36.861142857142866,0.4915694578961632,66.93523404255319,178%,98%
119,512,128,"(16, 1)",128,16,torch.bfloat16,4,True,87.77700000000004,,44.4560408333333,0,0.386137347670449,46.40118367346938,0.41105602956914583,210.29068000000004,473%,104%
120,4096,4,"(16, 1)",128,16,torch.bfloat16,1,True,14.752900000000098,21.066479999999963,14.7490381818182,0,0.2596507229562782,33.13405050505052,0.11602866324558447,14.562099999999944,99%,225%
121,4096,4,"(16, 1)",128,16,torch.bfloat16,2,True,18.99606000000002,28.27769999999991,19.156840000000056,0,0.20068547777257018,60.99031313131315,0.06352323363316653,17.54806000000013,92%,318%
122,4096,4,"(16, 1)",128,16,torch.bfloat16,3,True,22.44248484848483,,23.31929959595962,0,0.16550243000759918,88.3039090909091,0.04421213367540501,21.086042105263115,90%,379%
123,4096,4,"(16, 1)",128,16,torch.bfloat16,4,True,24.358919999999976,,27.56908513708518,0,0.14053066654681207,115.6575154639175,0.03401341053710486,56.68808247422683,206%,420%
124,4096,80,"(16, 1)",128,16,torch.bfloat16,1,True,70.01939999999989,210.16256326530618,57.08989346938758,0,1.3416029332310218,36.662775510204064,2.097222337650179,57.13593814432994,100%,64%
125,4096,80,"(16, 1)",128,16,torch.bfloat16,2,True,102.45548387096777,295.0824293357692,77.8202612765957,0,0.9880459214466609,62.73254166666667,1.2351809148708617,108.60412371134018,140%,81%
126,4096,80,"(16, 1)",128,16,torch.bfloat16,3,True,154.1738383838384,,113.26704502419521,0,0.6814693096976491,90.3625151515152,0.864098177489169,143.6617142857142,127%,80%
127,4096,80,"(16, 1)",128,16,torch.bfloat16,4,True,190.6546,,130.22346666666672,0,0.5950236174125895,117.91242857142862,0.6672590163457978,670.0117916666663,515%,91%
128,4096,128,"(16, 1)",128,16,torch.bfloat16,1,True,109.30377272727273,336.6773735353535,84.09745154639185,0,1.4572040817503336,61.887541666666664,1.9878635263786595,85.75464646464646,102%,74%
129,4096,128,"(16, 1)",128,16,torch.bfloat16,2,True,156.62115463917524,473.45363455149493,115.77496802019782,0,1.0626130062497081,122.81812499999997,1.0094410831692187,169.38995918367343,146%,106%
130,4096,128,"(16, 1)",128,16,torch.bfloat16,3,True,241.76606451612915,,177.6615078255079,0,0.6951467736945415,177.78914583333335,0.7026938279254368,225.5641458333333,127%,100%
131,4096,128,"(16, 1)",128,16,torch.bfloat16,4,True,298.98693999999995,,206.17705138339932,0,0.6013164913405816,232.9225555555556,0.54045864929384,1068.8681399999996,518%,113%
132,4097,4,"(16, 1)",128,16,torch.bfloat16,1,True,14.776222222222218,22.012529292929237,15.71530101010095,0,0.24374523573754037,35.08535416666667,0.10960216882293054,14.595567010309262,93%,223%
133,4097,4,"(16, 1)",128,16,torch.bfloat16,2,True,18.89765999999997,31.354806868686836,22.12681061224493,0,0.17379056466724838,64.7482929292929,0.05985073980571005,17.477279999999986,79%,293%
134,4097,4,"(16, 1)",128,16,torch.bfloat16,3,True,21.7737199999999,,29.405001212121242,0,0.1312814797705182,94.45825773195874,0.04134138876924767,20.43763265306123,70%,321%
135,4097,4,"(16, 1)",128,16,torch.bfloat16,4,True,24.614059999999895,,89.34188000000005,0,0.043375326699807565,124.09958585858583,0.031707099185925,58.04585858585857,65%,139%
136,4097,80,"(16, 1)",128,16,torch.bfloat16,1,True,72.47135353535356,222.3474799999999,59.96983030927834,0,1.2774856055581718,38.28194949494948,2.009004745745582,59.99491836734702,100%,64%
137,4097,80,"(16, 1)",128,16,torch.bfloat16,2,True,108.15755555555565,314.63001000000014,84.26007360824751,0,0.9127528011584631,66.29940404040404,1.1690099749956633,115.29834693877551,137%,79%
138,4097,80,"(16, 1)",128,16,torch.bfloat16,3,True,164.4997199999999,,125.21577864675909,0,0.6165887579825505,96.53389583333335,0.8090496134341829,154.1274693877551,123%,77%
139,4097,80,"(16, 1)",128,16,torch.bfloat16,4,True,205.29344,,203.7189484536084,0,0.38044897270392963,126.2652083333333,0.6232655740546734,710.4582399999995,349%,62%
140,4097,128,"(16, 1)",128,16,torch.bfloat16,1,True,111.64700000000006,359.352052244898,89.47897737373752,0,1.3698966570506168,64.30328571428576,1.9136469897595918,90.75747474747476,101%,72%
141,4097,128,"(16, 1)",128,16,torch.bfloat16,2,True,167.56882474226805,515.206458152958,130.1309393158388,0,0.9456151610504553,129.9864747474747,0.9540028198788376,181.6890909090911,140%,100%
142,4097,128,"(16, 1)",128,16,torch.bfloat16,3,True,258.60520000000014,,201.1291537351537,0,0.6141855817663402,190.17132323232318,0.6570976930046777,244.9224329896906,122%,95%
143,4097,128,"(16, 1)",128,16,torch.bfloat16,4,True,325.52240000000006,,351.38355102040816,0,0.35291197637193295,249.66587755102032,0.5043332846407151,1143.8799799999995,326%,71%
144,512,4,"(64, 4)",128,16,torch.bfloat16,1,True,14.56468750000004,18.64393092783503,12.531414141414086,0,0.15696179660102852,9.522319587628866,0.21282187640458203,14.446288659793701,115%,76%
145,512,4,"(64, 4)",128,16,torch.bfloat16,2,True,18.33395918367335,24.78855134020614,15.774440000000059,0,0.12847098992821762,14.719839999999994,0.14577381356822242,17.279244897959313,110%,93%
146,512,4,"(64, 4)",128,16,torch.bfloat16,3,True,22.955232323232284,,18.686617979797973,0,0.11163938650610898,20.265060000000002,0.11176756947499011,21.78391919191925,117%,108%
147,512,4,"(64, 4)",128,16,torch.bfloat16,4,True,26.17989898989898,,21.695074747474656,0,0.0989057303047012,23.568373737373737,0.1011603862694558,56.243838383838366,259%,109%
148,512,80,"(64, 4)",128,16,torch.bfloat16,1,True,60.42473913043473,108.52399916666667,34.63280323232314,0,1.1358903086147605,27.29651063829786,1.4848476050414712,54.36420202020197,157%,79%
149,512,80,"(64, 4)",128,16,torch.bfloat16,2,True,97.91159999999999,153.65593469387744,47.75054765957452,0,0.8488103369247675,53.09562222222223,0.8082652098635693,100.5095199999999,210%,111%
150,512,80,"(64, 4)",128,16,torch.bfloat16,3,True,144.33317894736845,,65.24622000000008,0,0.6394738475696121,72.64248979591835,0.6235955039063401,139.16824489795906,213%,111%
151,512,80,"(64, 4)",128,16,torch.bfloat16,4,True,183.14373195876288,,76.759215959596,0,0.5590904453853558,91.31297894736848,0.5222008565485167,426.7557171717172,556%,119%
152,512,128,"(64, 4)",128,16,torch.bfloat16,1,True,91.33892473118273,171.57959241903572,48.90089430386344,0,1.2871442491766392,43.267920000000004,1.4987975737133883,80.75695744680853,165%,88%
153,512,128,"(64, 4)",128,16,torch.bfloat16,2,True,149.73168181818176,245.30594653061226,68.95822444444454,0,0.9404223214574003,88.98714141414148,0.7716232895007693,155.59644897959188,226%,129%
154,512,128,"(64, 4)",128,16,torch.bfloat16,3,True,223.65406060606057,,97.52994936170222,0,0.6844789993775133,123.0365353535354,0.5890871994941324,215.89002105263154,221%,126%
155,512,128,"(64, 4)",128,16,torch.bfloat16,4,True,284.76055102040823,,113.47977217391306,0,0.605081852614388,155.69104123711344,0.490034267265939,676.0186868686866,596%,137%
156,4096,4,"(64, 4)",128,16,torch.bfloat16,1,True,22.17275609756092,56.273350052246656,22.516349670329703,0,0.6803231399208896,33.43312765957447,0.4599628999306883,20.81248837209308,92%,148%
157,4096,4,"(64, 4)",128,16,torch.bfloat16,2,True,32.31049438202249,79.62336352286907,30.20774975562077,0,0.5090746075579293,61.31920618556702,0.2527300760336524,32.109688888888904,106%,203%
158,4096,4,"(64, 4)",128,16,torch.bfloat16,3,True,45.01726086956533,,40.99887360824747,0,0.376537246957943,88.70444329896907,0.1760499964868596,43.129434343434355,105%,216%
159,4096,4,"(64, 4)",128,16,torch.bfloat16,4,True,53.72302173913044,,48.10454869565226,0,0.3221568035000028,115.76695789473683,0.1359250213261285,175.44013999999981,365%,241%
160,4096,80,"(64, 4)",128,16,torch.bfloat16,1,True,268.20156756756757,807.2193466666668,190.6453730994153,0,1.607003984228597,127.78283838383844,2.4068957219212526,197.68101999999988,104%,67%
161,4096,80,"(64, 4)",128,16,torch.bfloat16,2,True,368.08495833333376,1153.2138889361702,267.9128214285713,0,1.1479852490860154,247.1842,1.253899532543064,398.4768080808079,149%,92%
162,4096,80,"(64, 4)",128,16,torch.bfloat16,3,True,576.1831249999999,,420.1799151020407,0,0.7348091825415857,357.4251616161617,0.8738286280988122,537.8648453608248,128%,85%
163,4096,80,"(64, 4)",128,16,torch.bfloat16,4,True,721.8488775510201,,485.76892864125114,0,0.6380485341023744,467.119625,0.673730041665585,2603.757760000003,536%,96%
164,4096,128,"(64, 4)",128,16,torch.bfloat16,1,True,423.9126666666667,1284.4155119148938,297.54126022913243,0,1.6474642819463927,204.4400408163265,2.4070428928730987,306.93814000000015,103%,69%
165,4096,128,"(64, 4)",128,16,torch.bfloat16,2,True,580.0858199999998,1843.8859207813352,420.30596501093413,0,1.170804100419615,424.42849473684214,1.1684197707760615,636.8340200000004,152%,101%
166,4096,128,"(64, 4)",128,16,torch.bfloat16,3,True,916.1088600000007,,666.0737089259943,0,0.7416646075026583,617.6199090909092,0.8091146908337744,860.2584848484853,129%,93%
167,4096,128,"(64, 4)",128,16,torch.bfloat16,4,True,1151.19402,,771.7011010526317,0,0.642620107519359,810.6898041237114,0.6211254125821714,4155.1066200000005,538%,105%
168,4097,4,"(64, 4)",128,16,torch.bfloat16,1,True,22.141928571428586,57.1400808988764,23.456294398610535,0,0.6532199305309484,35.20039784946238,0.436975846356355,20.719908045977,88%,150%
169,4097,4,"(64, 4)",128,16,torch.bfloat16,2,True,32.62788888888886,82.68496888888879,33.36084672028997,0,0.4610711404094585,65.03302061855669,0.2383548047509413,32.55202352941174,98%,195%
170,4097,4,"(64, 4)",128,16,torch.bfloat16,3,True,46.37071739130433,,47.34801148936167,0,0.32612411379924683,94.92581632653062,0.16455104444632687,43.47583908045972,92%,200%
171,4097,4,"(64, 4)",128,16,torch.bfloat16,4,True,55.54599999999999,,118.63250681742605,0,0.13066345260456955,124.37655102040809,0.12654597174365306,177.14016000000007,149%,105%
172,4097,80,"(64, 4)",128,16,torch.bfloat16,1,True,268.08573469387744,859.4192797802194,204.97562795698923,0,1.49501861760745,130.81760606060607,2.3516289749596995,210.91375510204065,103%,64%
173,4097,80,"(64, 4)",128,16,torch.bfloat16,2,True,396.6984399999999,1240.0170663157894,300.5106623683645,0,1.0237056829281086,261.40304040404044,1.185979543921206,429.32696000000016,143%,87%
174,4097,80,"(64, 4)",128,16,torch.bfloat16,3,True,621.9647878787878,,467.25474126344125,0,0.6609383243654967,381.5222244897961,0.8188326246178388,582.7046526315792,125%,82%
175,4097,80,"(64, 4)",128,16,torch.bfloat16,4,True,782.9940000000005,,777.9156299999996,0,0.39852478428541227,501.2385757575757,0.6280183637986366,2784.339920000001,358%,64%
176,4097,128,"(64, 4)",128,16,torch.bfloat16,1,True,435.5034457831325,1370.6067944680838,323.08019363514114,0,1.5176040425309218,211.63559183673473,2.3257673829026486,328.89344,102%,66%
177,4097,128,"(64, 4)",128,16,torch.bfloat16,2,True,626.17916,1983.6802376559976,474.4700724999999,0,1.0373997962857306,449.9299278350518,1.1024602346582502,687.4613399999997,145%,95%
178,4097,128,"(64, 4)",128,16,torch.bfloat16,3,True,986.8063232323233,,743.4827670583386,0,0.6646051893617274,660.9683131313132,0.7562307317251419,933.1738585858592,126%,89%
179,4097,128,"(64, 4)",128,16,torch.bfloat16,4,True,1245.6096530612235,,1271.6860109278355,0,0.39005686117353144,870.0372244897965,0.5788939072663292,4434.908,349%,68%
180,512,4,"(5, 1)",128,64,torch.bfloat16,1,True,14.621070707070665,18.498284722222238,12.91616416666679,0,0.037278387365097955,,,14.02389898989897,109%,NaN
181,512,4,"(5, 1)",128,64,torch.bfloat16,2,True,17.92353684210533,23.994129126314697,13.1010707070707,0,0.03710768339620535,,,16.789720000000045,128%,NaN
182,512,4,"(5, 1)",128,64,torch.bfloat16,3,True,20.540483516483548,,13.398779797979786,0,0.03663072341082574,,,19.779917525773314,148%,NaN
183,512,4,"(5, 1)",128,64,torch.bfloat16,4,True,22.962795698924815,,19.45176735092854,0,0.025471392946296124,,,47.076061224489806,242%,NaN
184,512,80,"(5, 1)",128,64,torch.bfloat16,1,True,19.833078651685504,31.383064489795935,16.56971999999995,0,0.5811730929384489,,,17.139265306122475,103%,NaN
185,512,80,"(5, 1)",128,64,torch.bfloat16,2,True,25.233739130434714,42.24663010101015,16.94959595959586,0,0.5736424456466763,,,22.86715151515147,135%,NaN
186,512,80,"(5, 1)",128,64,torch.bfloat16,3,True,30.10391397849463,,17.163088659793893,0,0.5719331835325392,,,28.74999999999997,168%,NaN
187,512,80,"(5, 1)",128,64,torch.bfloat16,4,True,36.7224565217391,,27.967114409400132,0,0.3543187205104738,,,105.33046464646465,377%,NaN
188,512,128,"(5, 1)",128,64,torch.bfloat16,1,True,27.522434782608645,55.57010526315784,22.131237064522796,0,0.6962015105399488,,,21.133434343434352,95%,NaN
189,512,128,"(5, 1)",128,64,torch.bfloat16,2,True,38.037636363636324,77.26551648351645,22.999131111111087,0,0.6764086961033634,,,36.35857471264375,158%,NaN
190,512,128,"(5, 1)",128,64,torch.bfloat16,3,True,50.24501075268818,,23.102570238467187,0,0.6798301546623706,,,47.80202127659576,207%,NaN
191,512,128,"(5, 1)",128,64,torch.bfloat16,4,True,60.98022471910109,,36.22696080808076,0,0.4376529291056989,,,185.26175999999995,511%,NaN
192,4096,4,"(5, 1)",128,64,torch.bfloat16,1,True,15.471220000000098,21.078576582148017,15.16822799422797,0,0.251799609021665,,,14.616839999999998,96%,NaN
193,4096,4,"(5, 1)",128,64,torch.bfloat16,2,True,18.519292929292888,26.73034979591838,15.453301010101036,0,0.24745589883168606,,,17.403346938775538,113%,NaN
194,4096,4,"(5, 1)",128,64,torch.bfloat16,3,True,21.26880000000002,,15.693060869565198,0,0.24397197819256983,,,20.407737373737334,130%,NaN
195,4096,4,"(5, 1)",128,64,torch.bfloat16,4,True,23.798059999999968,,23.188080000000085,0,0.16531440796811528,,,57.874907216494876,250%,NaN
196,4096,80,"(5, 1)",128,64,torch.bfloat16,1,True,80.49553684210532,202.2770343434343,56.050718149234314,0,1.362820675492184,,,52.91204081632661,94%,NaN
197,4096,80,"(5, 1)",128,64,torch.bfloat16,2,True,103.74997916666676,288.32253061224486,57.841021158958,0,1.322248609982889,,,101.47751999999998,175%,NaN
198,4096,80,"(5, 1)",128,64,torch.bfloat16,3,True,145.9188400000001,,59.462419183673504,0,1.2877602885337913,,,133.5886122448981,225%,NaN
199,4096,80,"(5, 1)",128,64,torch.bfloat16,4,True,172.96255999999985,,101.87758000000002,0,0.7525352913010512,,,648.91324,637%,NaN
200,4096,128,"(5, 1)",128,64,torch.bfloat16,1,True,122.59921649484528,323.7011269841271,83.5051735353535,0,1.463613797056473,,,77.46608421052628,93%,NaN
201,4096,128,"(5, 1)",128,64,torch.bfloat16,2,True,160.74290000000008,463.65853717171706,86.0751691666667,0,1.4216450215385117,,,157.39806185567,183%,NaN
202,4096,128,"(5, 1)",128,64,torch.bfloat16,3,True,231.77312,,87.54491387755111,0,1.3994799001936329,,,210.69466000000008,241%,NaN
203,4096,128,"(5, 1)",128,64,torch.bfloat16,4,True,271.18564,,151.7681858585858,0,0.808248173052893,,,1035.19593877551,682%,NaN
204,4097,4,"(5, 1)",128,64,torch.bfloat16,1,True,15.464399999999982,22.453055918367333,16.54307333333334,0,0.23092959355835274,,,14.685387755102012,89%,NaN
205,4097,4,"(5, 1)",128,64,torch.bfloat16,2,True,18.54066666666661,27.990520000000117,16.82230666666667,0,0.22737320688160298,,,17.394459999999935,103%,NaN
206,4097,4,"(5, 1)",128,64,torch.bfloat16,3,True,21.29537373737381,,16.954686666666632,0,0.2258725567808894,,,20.464747474747444,121%,NaN
207,4097,4,"(5, 1)",128,64,torch.bfloat16,4,True,23.830519999999975,,25.858023636363672,0,0.14828105556759877,,,57.989740000000104,224%,NaN
208,4097,80,"(5, 1)",128,64,torch.bfloat16,1,True,84.94071428571418,215.65504246547093,60.24669368421055,0,1.2682140603755365,,,55.2554315789474,92%,NaN
209,4097,80,"(5, 1)",128,64,torch.bfloat16,2,True,109.95662500000014,306.67790666666673,61.561997635933906,0,1.2426308309765244,,,107.44170526315794,175%,NaN
210,4097,80,"(5, 1)",128,64,torch.bfloat16,3,True,155.73538144329888,,63.35561030303034,0,1.2089216435614305,,,142.76420618556702,225%,NaN
211,4097,80,"(5, 1)",128,64,torch.bfloat16,4,True,183.6282886597938,,108.35253393939385,0,0.7077370321282168,,,688.8133608247422,636%,NaN
212,4097,128,"(5, 1)",128,64,torch.bfloat16,1,True,129.35072727272743,348.58024040816304,90.01765058750767,0,1.3580572880591424,,,82.23494845360837,91%,NaN
213,4097,128,"(5, 1)",128,64,torch.bfloat16,2,True,171.14482828282829,498.68393999999984,92.48773020408167,0,1.323398658137498,,,168.41428282828267,182%,NaN
214,4097,128,"(5, 1)",128,64,torch.bfloat16,3,True,248.8072727272727,,94.4650999999999,0,1.2972743336767043,,,227.8547200000001,241%,NaN
215,4097,128,"(5, 1)",128,64,torch.bfloat16,4,True,292.0184999999999,,169.3370515463917,0,0.7245677195255029,,,1108.8786122448987,655%,NaN
216,512,4,"(8, 1)",128,64,torch.bfloat16,1,True,14.828421052631601,18.534986745213594,12.96626666666658,0,0.03734982098162812,,,13.91236734693869,107%,NaN
217,512,4,"(8, 1)",128,64,torch.bfloat16,2,True,17.758907216494734,24.04940957446808,13.053842918985794,0,0.03767000433885853,,,16.54569072164947,127%,NaN
218,512,4,"(8, 1)",128,64,torch.bfloat16,3,True,20.559278350515413,,19.587653771760078,0,0.02548487459552646,,,19.504183673469285,100%,NaN
219,512,4,"(8, 1)",128,64,torch.bfloat16,4,True,22.92065957446806,,19.687757575757608,0,0.02573373217550522,,,46.51814141414148,236%,NaN
220,512,80,"(8, 1)",128,64,torch.bfloat16,1,True,19.794752941176572,31.52855102040818,16.871851989280554,0,0.5740777468978965,,,17.18286000000001,102%,NaN
221,512,80,"(8, 1)",128,64,torch.bfloat16,2,True,27.2423529411764,42.625083298969095,17.179422020201965,0,0.5724736476218093,,,24.946612244898017,145%,NaN
222,512,80,"(8, 1)",128,64,torch.bfloat16,3,True,33.90765909090909,,27.957679999999925,0,0.3571032360295259,,,32.83779999999993,117%,NaN
223,512,80,"(8, 1)",128,64,torch.bfloat16,4,True,41.19862222222223,,28.163599999999995,0,0.3597831815469757,,,108.15632323232327,384%,NaN
224,512,128,"(8, 1)",128,64,torch.bfloat16,1,True,30.292936170212826,55.95114528261334,22.517220000000027,0,0.688238052548296,,,23.714172043010777,105%,NaN
225,512,128,"(8, 1)",128,64,torch.bfloat16,2,True,41.62280851063829,77.82183219954642,23.063884166666707,0,0.6822626278814382,,,39.40919587628859,171%,NaN
226,512,128,"(8, 1)",128,64,torch.bfloat16,3,True,55.08102083333332,,36.55644666666672,0,0.43696929697410397,,,52.0417111111112,142%,NaN
227,512,128,"(8, 1)",128,64,torch.bfloat16,4,True,68.05317021276596,,36.46209999999999,0,0.4446387722842692,,,191.67779591836734,526%,NaN
228,4096,4,"(8, 1)",128,64,torch.bfloat16,1,True,15.528859999999947,21.137308686868792,15.367882222222171,0,0.24871012094919914,,,14.523346938775502,95%,NaN
229,4096,4,"(8, 1)",128,64,torch.bfloat16,2,True,18.35724000000002,26.934084646464598,15.659199999999927,0,0.24455900855847457,,,17.194900000000043,110%,NaN
230,4096,4,"(8, 1)",128,64,torch.bfloat16,3,True,21.214480000000126,,23.393363092783574,0,0.16402297490092094,,,20.094989898989944,86%,NaN
231,4096,4,"(8, 1)",128,64,torch.bfloat16,4,True,23.650039999999926,,23.87289999999998,0,0.1610403255579631,,,59.20858333333344,248%,NaN
232,4096,80,"(8, 1)",128,64,torch.bfloat16,1,True,81.23778723404256,204.34331313131318,57.213908041237204,0,1.3360904636918323,,,52.85897959183682,92%,NaN
233,4096,80,"(8, 1)",128,64,torch.bfloat16,2,True,106.01666666666665,290.6097979797979,59.985653608247425,0,1.2768381092682854,,,100.79710000000014,168%,NaN
234,4096,80,"(8, 1)",128,64,torch.bfloat16,3,True,149.54088,,102.04229368421043,0,0.7520507171840451,,,132.73521999999994,130%,NaN
235,4096,80,"(8, 1)",128,64,torch.bfloat16,4,True,177.87937373737367,,104.76297454545458,0,0.7339424266432302,,,647.6279999999997,618%,NaN
236,4096,128,"(8, 1)",128,64,torch.bfloat16,1,True,126.51964583333336,326.5498400000001,84.47289696969693,0,1.4479050141133138,,,80.16357142857137,95%,NaN
237,4096,128,"(8, 1)",128,64,torch.bfloat16,2,True,165.48612,467.28265999999996,88.3961818181818,0,1.38633985244142,,,157.47643298969084,178%,NaN
238,4096,128,"(8, 1)",128,64,torch.bfloat16,3,True,236.2212291666666,,154.35977510204086,0,0.7954505515192427,,,209.43324999999996,136%,NaN
239,4096,128,"(8, 1)",128,64,torch.bfloat16,4,True,278.1129787234041,,157.83130000000006,0,0.7794650795907161,,,1035.4811919191927,656%,NaN
240,4097,4,"(8, 1)",128,64,torch.bfloat16,1,True,15.518060000000014,22.471680000000028,16.651595757575638,0,0.22959236006298256,,,14.586820000000145,88%,NaN
241,4097,4,"(8, 1)",128,64,torch.bfloat16,2,True,18.296860000000073,27.82377373737386,16.520339015151556,0,0.2318675025906132,,,17.25326,104%,NaN
242,4097,4,"(8, 1)",128,64,torch.bfloat16,3,True,21.20086000000003,,25.905959595959594,0,0.14815047926612895,,,20.140282828282807,78%,NaN
243,4097,4,"(8, 1)",128,64,torch.bfloat16,4,True,23.703739999999996,,26.961300000000097,0,0.14262780023913152,,,57.676979999999894,214%,NaN
244,4097,80,"(8, 1)",128,64,torch.bfloat16,1,True,86.17903999999993,217.39903591836747,60.77327252525246,0,1.2581449080952405,,,55.46993814432995,91%,NaN
245,4097,80,"(8, 1)",128,64,torch.bfloat16,2,True,111.6451157894737,308.6752282828283,63.318639999999995,0,1.2099216753213469,,,105.76416666666661,167%,NaN
246,4097,80,"(8, 1)",128,64,torch.bfloat16,3,True,158.9723673469388,,109.143926122449,0,0.7032879366433165,,,141.71563999999987,130%,NaN
247,4097,80,"(8, 1)",128,64,torch.bfloat16,4,True,188.9610303030303,,112.36643510204081,0,0.6844447645055652,,,688.1797551020403,612%,NaN
248,4097,128,"(8, 1)",128,64,torch.bfloat16,1,True,134.31200000000007,351.74557353250583,90.55677877551018,0,1.3509594207714244,,,84.81476288659807,94%,NaN
249,4097,128,"(8, 1)",128,64,torch.bfloat16,2,True,175.26181632653058,502.26665224489824,94.23066000000004,0,1.3008181411505633,,,167.01612000000011,177%,NaN
250,4097,128,"(8, 1)",128,64,torch.bfloat16,3,True,254.36958,,171.16345380434777,0,0.7175326731843075,,,225.65470000000002,132%,NaN
251,4097,128,"(8, 1)",128,64,torch.bfloat16,4,True,299.43532,,176.14369797752815,0,0.6985988743945454,,,1106.351333333333,628%,NaN
252,512,4,"(10, 1)",128,64,torch.bfloat16,1,True,14.763835051546337,18.61112371134016,13.136468282828282,0,0.037007692896024826,,,14.05686000000003,107%,NaN
253,512,4,"(10, 1)",128,64,torch.bfloat16,2,True,18.217051546391662,24.942141414141346,19.383302052785922,0,0.02556136247302727,,,16.773818181818164,87%,NaN
254,512,4,"(10, 1)",128,64,torch.bfloat16,3,True,20.904938775510196,,19.833017182130554,0,0.02545133858384344,,,19.867897959183594,100%,NaN
255,512,4,"(10, 1)",128,64,torch.bfloat16,4,True,23.432828282828297,,19.643775510204165,0,0.02617063409835317,,,47.04513402061852,239%,NaN
256,512,80,"(10, 1)",128,64,torch.bfloat16,1,True,22.035571428571433,31.757829931972736,16.90039595959596,0,0.575312418846904,,,19.193260000000055,114%,NaN
257,512,80,"(10, 1)",128,64,torch.bfloat16,2,True,29.048086956521757,43.47938000000002,28.037739999999967,0,0.3534262103118404,,,26.76129292929288,95%,NaN
258,512,80,"(10, 1)",128,64,torch.bfloat16,3,True,36.31305747126441,,28.172945454545477,0,0.35834154171490623,,,35.08658585858577,125%,NaN
259,512,80,"(10, 1)",128,64,torch.bfloat16,4,True,44.61471264367815,,26.519452244897966,0,0.3877079031952094,,,111.29331313131334,420%,NaN
260,512,128,"(10, 1)",128,64,torch.bfloat16,1,True,32.057644444444605,56.261118850574576,22.73167999999996,0,0.6843670281464888,,,25.455360824742307,112%,NaN
261,512,128,"(10, 1)",128,64,torch.bfloat16,2,True,44.27904255319147,78.81701199494961,36.14381999999999,0,0.43865965219652786,,,42.22286956521742,117%,NaN
262,512,128,"(10, 1)",128,64,torch.bfloat16,3,True,59.876838709677344,,37.043816326530575,0,0.43604737135472377,,,56.55290909090911,153%,NaN
263,512,128,"(10, 1)",128,64,torch.bfloat16,4,True,73.94708510638303,,40.56591012162448,0,0.4055346449441136,,,196.2026,484%,NaN
264,4096,4,"(10, 1)",128,64,torch.bfloat16,1,True,15.528202020202116,21.30446000000001,15.3867022805373,0,0.24852696969435484,,,14.574626262626383,95%,NaN
265,4096,4,"(10, 1)",128,64,torch.bfloat16,2,True,18.747131313131266,28.424767272727294,23.104011313131334,0,0.16591593836948182,,,17.51724000000003,76%,NaN
266,4096,4,"(10, 1)",128,64,torch.bfloat16,3,True,21.596499999999942,,23.52793878787881,0,0.16332229429477793,,,20.6412800000001,88%,NaN
267,4096,4,"(10, 1)",128,64,torch.bfloat16,4,True,24.143090909090983,,23.518504242424292,0,0.1637838073758622,,,57.85232323232321,246%,NaN
268,4096,80,"(10, 1)",128,64,torch.bfloat16,1,True,83.58359183673464,205.17738689581114,57.81188865979382,0,1.322914915952442,,,55.338183673469416,96%,NaN
269,4096,80,"(10, 1)",128,64,torch.bfloat16,2,True,110.2334489795918,292.56745443298956,101.64310000000002,0,0.7542713115041372,,,104.93382795698926,103%,NaN
270,4096,80,"(10, 1)",128,64,torch.bfloat16,3,True,156.368693877551,,104.06796999999996,0,0.7384859996526242,,,138.87117171717173,133%,NaN
271,4096,80,"(10, 1)",128,64,torch.bfloat16,4,True,186.90178000000006,,119.1285578723405,0,0.6466879541574593,,,654.2204399999998,549%,NaN
272,4096,128,"(10, 1)",128,64,torch.bfloat16,1,True,128.64622988505744,329.0093692929291,85.61749999999994,0,1.4292444386238445,,,82.61197916666664,96%,NaN
273,4096,128,"(10, 1)",128,64,torch.bfloat16,2,True,171.11574000000002,470.6597008080808,151.98658969696962,0,0.8070867251665143,,,164.4752929292929,108%,NaN
274,4096,128,"(10, 1)",128,64,torch.bfloat16,3,True,247.91715151515172,,156.73579833333335,0,0.7845328474999685,,,218.41708,139%,NaN
275,4096,128,"(10, 1)",128,64,torch.bfloat16,4,True,286.86525773195876,,182.48027001569858,0,0.6754834667052151,,,1046.9130612244892,574%,NaN
276,4097,4,"(10, 1)",128,64,torch.bfloat16,1,True,15.67844000000005,22.578933333333268,16.76879918367339,0,0.22809873098545114,,,14.693797979797951,88%,NaN
277,4097,4,"(10, 1)",128,64,torch.bfloat16,2,True,18.72012121212127,30.996060000000085,25.89603999999987,0,0.14806337338419093,,,17.48763999999984,68%,NaN
278,4097,4,"(10, 1)",128,64,torch.bfloat16,3,True,21.60004,,26.24051999999989,0,0.1464745464433668,,,20.57887999999994,78%,NaN
279,4097,4,"(10, 1)",128,64,torch.bfloat16,4,True,24.14448000000004,,28.297355184498002,0,0.1361569470384617,,,58.277381443299014,206%,NaN
280,4097,80,"(10, 1)",128,64,torch.bfloat16,1,True,89.0174693877551,218.222773989899,61.577616161616206,0,1.242315650513931,,,58.87364948453609,96%,NaN
281,4097,80,"(10, 1)",128,64,torch.bfloat16,2,True,117.1208936170213,312.5713422619047,108.15107814432989,0,0.7090553521019975,,,111.93467346938779,103%,NaN
282,4097,80,"(10, 1)",128,64,torch.bfloat16,3,True,166.5944489795917,,111.13062161616158,0,0.6917208253749414,,,148.70955555555554,134%,NaN
283,4097,80,"(10, 1)",128,64,torch.bfloat16,4,True,196.85839175257735,,129.70996747474743,0,0.5940763946200713,,,696.4241599999996,537%,NaN
284,4097,128,"(10, 1)",128,64,torch.bfloat16,1,True,136.7514693877552,353.62051835051534,91.82030303030288,0,1.3330182324258975,,,87.86373737373734,96%,NaN
285,4097,128,"(10, 1)",128,64,torch.bfloat16,2,True,182.81630927835045,512.7441261855673,169.41654401268835,0,0.7242277428404651,,,176.42173999999991,104%,NaN
286,4097,128,"(10, 1)",128,64,torch.bfloat16,3,True,267.0488599999999,,173.58625931034484,0,0.7085479287512286,,,235.44036363636354,136%,NaN
287,4097,128,"(10, 1)",128,64,torch.bfloat16,4,True,309.48705050505066,,206.29330558330554,0,0.5976549135672632,,,1123.69708,545%,NaN
288,512,4,"(16, 1)",128,64,torch.bfloat16,1,True,15.046374999999912,18.143916907216536,13.053797979797988,0,0.03767013402214322,,,14.156408163265274,108%,NaN
289,512,4,"(16, 1)",128,64,torch.bfloat16,2,True,18.03599999999998,24.11179712013754,19.633996843434378,0,0.025804194868261923,,,16.818459999999988,86%,NaN
290,512,4,"(16, 1)",128,64,torch.bfloat16,3,True,20.957624999999904,,19.802799183673454,0,0.026336713155918658,,,19.78608000000002,100%,NaN
291,512,4,"(16, 1)",128,64,torch.bfloat16,4,True,23.565125000000048,,25.03708252740157,0,0.021425891071430246,,,47.05488000000014,188%,NaN
292,512,80,"(16, 1)",128,64,torch.bfloat16,1,True,24.134066666666737,31.22256571428577,17.07227755102039,0,0.5760664538488386,,,21.254144329896942,124%,NaN
293,512,80,"(16, 1)",128,64,torch.bfloat16,2,True,33.62831111111102,42.553413131313164,28.209199591836697,0,0.3592015994225045,,,31.354880000000062,111%,NaN
294,512,80,"(16, 1)",128,64,torch.bfloat16,3,True,43.28894117647058,,27.407583046964504,0,0.38058127262880304,,,42.25575999999997,154%,NaN
295,512,80,"(16, 1)",128,64,torch.bfloat16,4,True,54.169659574468184,,36.22523111111119,0,0.296170258421885,,,120.44678000000002,332%,NaN
296,512,128,"(16, 1)",128,64,torch.bfloat16,1,True,35.47532584269667,55.22582339524273,22.99843595959595,0,0.6842041888564832,,,28.92616161616175,126%,NaN
297,512,128,"(16, 1)",128,64,torch.bfloat16,2,True,51.86708510638295,77.76067388167388,36.821950612244905,0,0.4402934420729709,,,49.53101075268828,135%,NaN
298,512,128,"(16, 1)",128,64,torch.bfloat16,3,True,70.88873684210526,,41.25119749999995,0,0.4045773589265958,,,67.53263999999999,164%,NaN
299,512,128,"(16, 1)",128,64,torch.bfloat16,4,True,89.34378723404254,,53.801650793650865,0,0.31906340125419114,,,209.56952083333317,390%,NaN
300,4096,4,"(16, 1)",128,64,torch.bfloat16,1,True,15.820039999999972,20.946080000000002,15.632859999999916,0,0.24497106906982263,,,14.850819999999949,95%,NaN
301,4096,4,"(16, 1)",128,64,torch.bfloat16,2,True,18.788383838383925,28.174880000000062,23.778480000000016,0,0.16167978727036766,,,17.81004000000007,75%,NaN
302,4096,4,"(16, 1)",128,64,torch.bfloat16,3,True,23.269979797979776,,24.797679999999943,0,0.1556355574072474,,,21.462480000000046,87%,NaN
303,4096,4,"(16, 1)",128,64,torch.bfloat16,4,True,24.403279999999967,,31.74332,0,0.12205093576854563,,,56.73270707070718,179%,NaN
304,4096,80,"(16, 1)",128,64,torch.bfloat16,1,True,86.67222222222227,201.43587154639164,60.00420000000007,0,1.2764434578975614,,,58.45687500000014,97%,NaN
305,4096,80,"(16, 1)",128,64,torch.bfloat16,2,True,117.44752083333337,285.8866419529837,105.10617182795698,0,0.7315459256389935,,,110.89997959183674,106%,NaN
306,4096,80,"(16, 1)",128,64,torch.bfloat16,3,True,166.96252,,122.22625891568751,0,0.6315174469781951,,,145.8311919191919,119%,NaN
307,4096,80,"(16, 1)",128,64,torch.bfloat16,4,True,201.76384000000004,,156.040407386428,0,0.4965767489706473,,,664.3842828282832,426%,NaN
308,4096,128,"(16, 1)",128,64,torch.bfloat16,1,True,134.46749473684207,322.74096525252537,88.09619916666666,0,1.3910605771579279,,,88.09589795918359,100%,NaN
309,4096,128,"(16, 1)",128,64,torch.bfloat16,2,True,182.37353535353537,459.0608361445783,158.1342496058217,0,0.7779718000563813,,,173.34371999999996,110%,NaN
310,4096,128,"(16, 1)",128,64,torch.bfloat16,3,True,264.67463157894747,,191.44026811594205,0,0.6451141402487667,,,230.03953535353548,120%,NaN
311,4096,128,"(16, 1)",128,64,torch.bfloat16,4,True,310.7248210526316,,248.82470103092786,0,0.4982530296194452,,,1063.7213131313124,427%,NaN
312,4097,4,"(16, 1)",128,64,torch.bfloat16,1,True,15.737279999999972,21.94536565656575,16.520868686868674,0,0.23186006874070084,,,14.961272727272673,91%,NaN
313,4097,4,"(16, 1)",128,64,torch.bfloat16,2,True,18.728141414141344,31.114718989898947,26.92131999999999,0,0.1428396122696551,,,17.587259999999944,65%,NaN
314,4097,4,"(16, 1)",128,64,torch.bfloat16,3,True,21.879300000000068,,30.879058712121193,0,0.12501456432886124,,,20.717666666666616,67%,NaN
315,4097,4,"(16, 1)",128,64,torch.bfloat16,4,True,24.638560000000012,,93.35622121212106,0,0.041510176640181515,,,57.8070505050505,62%,NaN
316,4097,80,"(16, 1)",128,64,torch.bfloat16,1,True,91.76470000000003,214.0510600000001,63.27200367346939,0,1.210813480528243,,,61.653040000000026,97%,NaN
317,4097,80,"(16, 1)",128,64,torch.bfloat16,2,True,124.65422916666661,305.44547215189874,112.9295946391754,0,0.6810315618105169,,,117.89959183673469,104%,NaN
318,4097,80,"(16, 1)",128,64,torch.bfloat16,3,True,178.54456,,135.01256636363647,0,0.5718478176888989,,,156.6830103092784,116%,NaN
319,4097,80,"(16, 1)",128,64,torch.bfloat16,4,True,213.07387999999992,,232.67836734693878,0,0.33309785324363883,,,706.671,304%,NaN
320,4097,128,"(16, 1)",128,64,torch.bfloat16,1,True,142.26406000000006,346.5694799999999,94.05349050505046,0,1.3032685052130915,,,93.09662499999995,99%,NaN
321,4097,128,"(16, 1)",128,64,torch.bfloat16,2,True,194.63220000000004,500.8202589132037,177.19321555763833,0,0.6944610647283296,,,186.19855999999984,105%,NaN
322,4097,128,"(16, 1)",128,64,torch.bfloat16,3,True,286.28775757575767,,215.8721414813115,0,0.5722397779043266,,,248.6383799999999,115%,NaN
323,4097,128,"(16, 1)",128,64,torch.bfloat16,4,True,334.45804040404033,,395.69791651205946,0,0.3133892251652047,,,1139.9591400000002,288%,NaN
324,512,4,"(64, 4)",128,64,torch.bfloat16,1,True,15.331414141413996,18.55254949494958,13.26810000000006,0,0.14824679325509163,,,14.65442000000001,110%,NaN
325,512,4,"(64, 4)",128,64,torch.bfloat16,2,True,18.309639999999977,24.701147272727297,20.120097711812107,0,0.10072306563270461,,,17.39160000000005,86%,NaN
326,512,4,"(64, 4)",128,64,torch.bfloat16,3,True,23.063367346938804,,20.016623673469375,0,0.10422150114675599,,,21.996828282828233,110%,NaN
327,512,4,"(64, 4)",128,64,torch.bfloat16,4,True,26.30270707070703,,25.42725999999992,0,0.08438845600800358,,,56.044646464646476,220%,NaN
328,512,80,"(64, 4)",128,64,torch.bfloat16,1,True,68.80865263157885,105.83740277777778,36.83430202020196,0,1.0680008414488782,,,54.33639130434783,148%,NaN
329,512,80,"(64, 4)",128,64,torch.bfloat16,2,True,104.77621276595748,150.56431583333338,61.62356268041236,0,0.6577217655763489,,,101.1240219780219,164%,NaN
330,512,80,"(64, 4)",128,64,torch.bfloat16,3,True,149.51191836734696,,70.01903797979787,0,0.5958843843985913,,,139.86886956521738,200%,NaN
331,512,80,"(64, 4)",128,64,torch.bfloat16,4,True,188.0353535353535,,93.41029999999999,0,0.4594283953512755,,,425.5561199999996,456%,NaN
332,512,128,"(64, 4)",128,64,torch.bfloat16,1,True,104.97697727272717,168.8057637411348,51.52333901515151,0,1.221630936308358,,,81.38408333333334,158%,NaN
333,512,128,"(64, 4)",128,64,torch.bfloat16,2,True,161.6633,241.33589520202028,90.96148291424895,0,0.7129375141867479,,,157.84220618556702,174%,NaN
334,512,128,"(64, 4)",128,64,torch.bfloat16,3,True,234.76392000000007,,104.4374693877551,0,0.6392073892616218,,,218.50858585858592,209%,NaN
335,512,128,"(64, 4)",128,64,torch.bfloat16,4,True,292.7163749999998,,134.65898358473825,0,0.509914370013351,,,674.8037171717175,501%,NaN
336,4096,4,"(64, 4)",128,64,torch.bfloat16,1,True,27.909824175824173,55.74117272727271,24.303478494623675,0,0.6302963467004966,,,20.861662650602355,86%,NaN
337,4096,4,"(64, 4)",128,64,torch.bfloat16,2,True,34.86882222222211,78.17748557353976,38.30122776148583,0,0.40150144658063086,,,32.19312359550554,84%,NaN
338,4096,4,"(64, 4)",128,64,torch.bfloat16,3,True,46.38303157894725,,44.791813535353555,0,0.3446523321642577,,,42.569666666666734,95%,NaN
339,4096,4,"(64, 4)",128,64,torch.bfloat16,4,True,55.487957446808466,,56.37460064516121,0,0.27489698311382593,,,174.19651020408162,309%,NaN
340,4096,80,"(64, 4)",128,64,torch.bfloat16,1,True,318.80313402061853,775.8450911111104,196.84349206349208,0,1.5564033686553806,,,201.546775510204,102%,NaN
341,4096,80,"(64, 4)",128,64,torch.bfloat16,2,True,436.0126464646464,1121.3887625,369.9656803437164,0,0.8313202639641525,,,410.1758383838384,111%,NaN
342,4096,80,"(64, 4)",128,64,torch.bfloat16,3,True,641.23118,,449.7635463917524,0,0.6864763994625626,,,550.0081199999996,122%,NaN
343,4096,80,"(64, 4)",128,64,torch.bfloat16,4,True,753.9094343434339,,588.4257406060608,0,0.526734524755491,,,2586.7848163265317,440%,NaN
344,4096,128,"(64, 4)",128,64,torch.bfloat16,1,True,504.3295789473695,1262.6211234782606,310.2469292929292,0,1.5799950051076432,,,317.3373707865168,102%,NaN
345,4096,128,"(64, 4)",128,64,torch.bfloat16,2,True,689.0252783505164,1812.3858731914904,586.5850493421052,0,0.8389166205608953,,,661.0840808080811,113%,NaN
346,4096,128,"(64, 4)",128,64,torch.bfloat16,3,True,1026.9003673469379,,717.9146515789469,0,0.6881086697589336,,,884.9763399999991,123%,NaN
347,4096,128,"(64, 4)",128,64,torch.bfloat16,4,True,1204.5377600000002,,934.5679424489796,0,0.5306309172468998,,,4142.694079999998,443%,NaN
348,4097,4,"(64, 4)",128,64,torch.bfloat16,1,True,28.321956989247205,56.56163818181814,25.140470511567244,0,0.6094603118316371,,,21.14634782608695,84%,NaN
349,4097,4,"(64, 4)",128,64,torch.bfloat16,2,True,35.46891954022991,81.38277505617974,41.19588086956512,0,0.3733801369862932,,,33.02955056179772,80%,NaN
350,4097,4,"(64, 4)",128,64,torch.bfloat16,3,True,47.8858494623656,,51.28447839216915,0,0.30109165133835963,,,43.95944444444443,86%,NaN
351,4097,4,"(64, 4)",128,64,torch.bfloat16,4,True,57.45093617021279,,126.62178456277516,0,0.12241916338033552,,,176.14856000000006,139%,NaN
352,4097,80,"(64, 4)",128,64,torch.bfloat16,1,True,339.3841010101006,828.0191135483865,212.47730961791825,0,1.442235787447276,,,215.76588,102%,NaN
353,4097,80,"(64, 4)",128,64,torch.bfloat16,2,True,468.4048749999998,1207.7876319444438,408.442475378788,0,0.7531892283281404,,,441.3038,108%,NaN
354,4097,80,"(64, 4)",128,64,torch.bfloat16,3,True,691.9956082474228,,500.5424031897927,0,0.6169838234971546,,,594.448969072165,119%,NaN
355,4097,80,"(64, 4)",128,64,torch.bfloat16,4,True,811.1047474747479,,884.7071485714284,0,0.35041952485474975,,,2762.8227021276575,312%,NaN
356,4097,128,"(64, 4)",128,64,torch.bfloat16,1,True,538.0213103448277,1349.1790884210525,338.243748079877,0,1.4495694619803468,,,342.4843232323232,101%,NaN
357,4097,128,"(64, 4)",128,64,torch.bfloat16,2,True,743.6926800000006,1951.5809074268896,648.4526458333332,0,0.7590610659358554,,,711.5105050505051,110%,NaN
358,4097,128,"(64, 4)",128,64,torch.bfloat16,3,True,1108.2398163265311,,798.8032785587839,0,0.6185784641238496,,,956.9898144329914,120%,NaN
359,4097,128,"(64, 4)",128,64,torch.bfloat16,4,True,1295.0624400000004,,1441.4320999999995,0,0.34412294121991654,,,4423.837360000002,307%,NaN
360,512,4,"(5, 1)",128,1024,torch.bfloat16,1,True,16.093163265306142,18.287143725575316,13.247639999999999,0,0.03634562617011047,,,13.843835051546385,105%,NaN
361,512,4,"(5, 1)",128,1024,torch.bfloat16,2,True,18.69506382978729,23.305815918367394,13.614490637492043,0,0.035708304988693616,,,16.45846000000012,121%,NaN
362,512,4,"(5, 1)",128,1024,torch.bfloat16,3,True,21.73189247311824,,13.812541212121253,0,0.03553343221098572,,,19.522079999999995,141%,NaN
363,512,4,"(5, 1)",128,1024,torch.bfloat16,4,True,24.06917171717168,,16.468622020202076,0,0.0300853106645868,,,46.63730612244897,283%,NaN
364,512,80,"(5, 1)",128,1024,torch.bfloat16,1,True,21.638543478261003,31.410771181199646,15.97884,0,0.6026642372990809,,,16.96571717171717,106%,NaN
365,512,80,"(5, 1)",128,1024,torch.bfloat16,2,True,27.73760000000001,40.96692000000002,16.22964000000008,0,0.5990895472102613,,,22.59768000000011,139%,NaN
366,512,80,"(5, 1)",128,1024,torch.bfloat16,3,True,31.941263157894777,,16.526479999999957,0,0.5939643491201495,,,28.58890000000006,173%,NaN
367,512,80,"(5, 1)",128,1024,torch.bfloat16,4,True,38.59099999999992,,20.393179591836674,0,0.48591109342632094,,,105.51255670103092,517%,NaN
368,512,128,"(5, 1)",128,1024,torch.bfloat16,1,True,28.98325773195869,55.688121010101106,20.557480412371138,0,0.749498497158549,,,20.735541666666787,101%,NaN
369,512,128,"(5, 1)",128,1024,torch.bfloat16,2,True,40.534526315789485,74.89190941674819,21.053846629560844,0,0.7389059377175412,,,35.873104166666565,170%,NaN
370,512,128,"(5, 1)",128,1024,torch.bfloat16,3,True,53.62050526315794,,21.368507216494773,0,0.7349986472705866,,,47.13348936170202,221%,NaN
371,512,128,"(5, 1)",128,1024,torch.bfloat16,4,True,63.70694623655911,,30.128119999999967,0,0.5262470910980812,,,185.33028282828292,615%,NaN
372,4096,4,"(5, 1)",128,1024,torch.bfloat16,1,True,16.665240000000086,20.89314323232318,15.515628163265236,0,0.24616173050220228,,,14.307151515151663,92%,NaN
373,4096,4,"(5, 1)",128,1024,torch.bfloat16,2,True,19.14230303030312,25.82388,16.099538989899045,0,0.23752298086115156,,,17.03282,106%,NaN
374,4096,4,"(5, 1)",128,1024,torch.bfloat16,3,True,22.551620000000025,,16.22948262626256,0,0.23590814275549854,,,20.107660000000102,124%,NaN
375,4096,4,"(5, 1)",128,1024,torch.bfloat16,4,True,25.51645999999995,,19.873240000000152,0,0.1928887145285459,,,57.41874747474753,289%,NaN
376,4096,80,"(5, 1)",128,1024,torch.bfloat16,1,True,87.5359,203.4296488659794,55.97803159973665,0,1.3645902756309298,,,51.26495744680848,92%,NaN
377,4096,80,"(5, 1)",128,1024,torch.bfloat16,2,True,109.06696842105261,278.5642907070707,57.713785957446795,0,1.3251636252699317,,,96.57495833333338,167%,NaN
378,4096,80,"(5, 1)",128,1024,torch.bfloat16,3,True,152.48898989898987,,58.9757791666667,0,1.298386272582968,,,131.7923636363637,223%,NaN
379,4096,80,"(5, 1)",128,1024,torch.bfloat16,4,True,182.92698000000001,,89.4689575757576,0,0.856905863437931,,,645.1285050505059,721%,NaN
380,4096,128,"(5, 1)",128,1024,torch.bfloat16,1,True,131.64769696969694,325.92869696969706,84.36809696969702,0,1.4486438417099379,,,74.41587096774187,88%,NaN
381,4096,128,"(5, 1)",128,1024,torch.bfloat16,2,True,167.6215555555555,448.41622,86.70431690721642,0,1.4113292173770897,,,150.79591489361698,174%,NaN
382,4096,128,"(5, 1)",128,1024,torch.bfloat16,3,True,238.612612244898,,88.52279402061855,0,1.3840203383919278,,,208.2121473684211,235%,NaN
383,4096,128,"(5, 1)",128,1024,torch.bfloat16,4,True,287.38175510204087,,136.01149957446808,0,0.9018822623935004,,,1028.1284848484845,756%,NaN
384,4097,4,"(5, 1)",128,1024,torch.bfloat16,1,True,16.91925999999998,22.524076363636336,17.256114547537237,0,0.221387334358992,,,14.516000000000032,84%,NaN
385,4097,4,"(5, 1)",128,1024,torch.bfloat16,2,True,19.232059999999947,27.116112727272714,17.566860000000048,0,0.2177362268467876,,,17.060020000000023,97%,NaN
386,4097,4,"(5, 1)",128,1024,torch.bfloat16,3,True,22.561313131313142,,17.697559191919247,0,0.21639133313747874,,,20.16163999999996,114%,NaN
387,4097,4,"(5, 1)",128,1024,torch.bfloat16,4,True,25.553660000000047,,22.671361414141458,0,0.1691232815555697,,,57.47606451612908,254%,NaN
388,4097,80,"(5, 1)",128,1024,torch.bfloat16,1,True,91.65232989690713,217.09602020202018,60.34814432989691,0,1.266082078742592,,,54.02746391752581,90%,NaN
389,4097,80,"(5, 1)",128,1024,torch.bfloat16,2,True,115.52897959183682,296.31410204081646,61.86670515463916,0,1.2365105930193379,,,103.326829787234,167%,NaN
390,4097,80,"(5, 1)",128,1024,torch.bfloat16,3,True,162.9294141414141,,63.82990081632655,0,1.199938705165371,,,140.67842857142858,220%,NaN
391,4097,80,"(5, 1)",128,1024,torch.bfloat16,4,True,195.69489583333345,,96.18873999999998,0,0.7972357345967781,,,684.7780612244895,712%,NaN
392,4097,128,"(5, 1)",128,1024,torch.bfloat16,1,True,138.68163999999987,350.2545187878788,90.91972601010103,0,1.3445830932304446,,,79.65331250000001,88%,NaN
393,4097,128,"(5, 1)",128,1024,torch.bfloat16,2,True,179.67651546391753,483.02431999999965,93.57986,0,1.3079538486835163,,,161.6122626262626,173%,NaN
394,4097,128,"(5, 1)",128,1024,torch.bfloat16,3,True,255.05416161616162,,95.8626653061224,0,1.2783615943377746,,,225.4774897959183,235%,NaN
395,4097,128,"(5, 1)",128,1024,torch.bfloat16,4,True,309.2765102040816,,153.03054464646465,0,0.8017756295228355,,,1101.2943636363639,720%,NaN
396,512,4,"(8, 1)",128,1024,torch.bfloat16,1,True,16.09514583333335,18.408904902167027,13.38468282828277,0,0.03618223494819877,,,13.811469387754983,103%,NaN
397,512,4,"(8, 1)",128,1024,torch.bfloat16,2,True,18.526484848484802,23.38452071737795,13.51328000000005,0,0.03638926444186539,,,16.323639999999887,121%,NaN
398,512,4,"(8, 1)",128,1024,torch.bfloat16,3,True,21.638144329896907,,16.626468979591852,0,0.030023747111104917,,,19.074020202020126,115%,NaN
399,512,4,"(8, 1)",128,1024,torch.bfloat16,4,True,24.06531958762893,,16.542707070707003,0,0.03062615316981294,,,46.42333999999995,281%,NaN
400,512,80,"(8, 1)",128,1024,torch.bfloat16,1,True,21.446227272727253,31.489536666666574,16.01332000000005,0,0.604856130771192,,,16.91925252525249,106%,NaN
401,512,80,"(8, 1)",128,1024,torch.bfloat16,2,True,29.950021276595724,41.38891999999994,16.437252525252497,0,0.5983217920896653,,,24.648458333333394,150%,NaN
402,512,80,"(8, 1)",128,1024,torch.bfloat16,3,True,36.389736263736246,,20.460919999999945,0,0.48794374836898613,,,32.24048000000001,158%,NaN
403,512,80,"(8, 1)",128,1024,torch.bfloat16,4,True,42.908140000000024,,20.705874747474827,0,0.4893678598655748,,,108.72195959595958,525%,NaN
404,512,128,"(8, 1)",128,1024,torch.bfloat16,1,True,31.681548387096782,55.946531958762854,20.6991877551021,0,0.7486867516229804,,,23.40330000000001,113%,NaN
405,512,128,"(8, 1)",128,1024,torch.bfloat16,2,True,44.36838297872339,75.47249788204624,21.268096767676806,0,0.7398699748544535,,,39.06251999999995,184%,NaN
406,512,128,"(8, 1)",128,1024,torch.bfloat16,3,True,59.33235416666661,,30.852300968872374,0,0.5177586208536369,,,51.28080434782619,166%,NaN
407,512,128,"(8, 1)",128,1024,torch.bfloat16,4,True,70.58658064516139,,31.39318367346939,0,0.5164325972012682,,,191.23540000000006,609%,NaN
408,4096,4,"(8, 1)",128,1024,torch.bfloat16,1,True,16.78042000000004,21.155677386105985,15.844460000000005,0,0.24122929063041101,,,14.43563636363632,91%,NaN
409,4096,4,"(8, 1)",128,1024,torch.bfloat16,2,True,19.258860000000023,26.198840000000025,16.39705858585865,0,0.23355398815990172,,,17.180419999999966,105%,NaN
410,4096,4,"(8, 1)",128,1024,torch.bfloat16,3,True,22.979639999999915,,20.17328,0,0.19020451842317018,,,19.94309090909094,99%,NaN
411,4096,4,"(8, 1)",128,1024,torch.bfloat16,4,True,24.577855670103062,,20.41926000000005,0,0.1882781054755503,,,56.67355789473688,278%,NaN
412,4096,80,"(8, 1)",128,1024,torch.bfloat16,1,True,87.4513673469388,205.0406396005211,56.97879419354852,0,1.3416036265136302,,,50.884350515463865,89%,NaN
413,4096,80,"(8, 1)",128,1024,torch.bfloat16,2,True,110.54877083333336,280.626254141414,59.27211914893618,0,1.2922090459414868,,,96.5208333333332,163%,NaN
414,4096,80,"(8, 1)",128,1024,torch.bfloat16,3,True,156.9524242424242,,89.62510000000005,0,0.8562442903641433,,,130.2119999999999,145%,NaN
415,4096,80,"(8, 1)",128,1024,torch.bfloat16,4,True,187.98980000000006,,90.80565232323224,0,0.8467533660410909,,,644.3755510204088,710%,NaN
416,4096,128,"(8, 1)",128,1024,torch.bfloat16,1,True,135.26505747126438,328.0346600000001,85.37395387755097,0,1.4326234820344024,,,76.72527835051535,90%,NaN
417,4096,128,"(8, 1)",128,1024,torch.bfloat16,2,True,172.06121649484538,451.35221414141404,88.61789999999996,0,1.3828712896401645,,,152.74807999999993,172%,NaN
418,4096,128,"(8, 1)",128,1024,torch.bfloat16,3,True,246.0545252525252,,136.02914387096774,0,0.9026416306330249,,,205.28430303030305,151%,NaN
419,4096,128,"(8, 1)",128,1024,torch.bfloat16,4,True,294.78095918367364,,137.39327020202023,0,0.8954149401605647,,,1028.1366938775511,748%,NaN
420,4097,4,"(8, 1)",128,1024,torch.bfloat16,1,True,17.104919999999964,22.47785818181815,17.140840000000086,0,0.22303919579183515,,,14.411818181818173,84%,NaN
421,4097,4,"(8, 1)",128,1024,torch.bfloat16,2,True,19.23240404040412,26.940960000000064,17.13985858585853,0,0.22348666006812284,,,16.921240000000058,99%,NaN
422,4097,4,"(8, 1)",128,1024,torch.bfloat16,3,True,22.97826262626255,,22.658040000000067,0,0.16938712836548858,,,19.728040000000032,87%,NaN
423,4097,4,"(8, 1)",128,1024,torch.bfloat16,4,True,24.687279999999966,,23.497659999999925,0,0.16365165342367377,,,57.44063265306108,244%,NaN
424,4097,80,"(8, 1)",128,1024,torch.bfloat16,1,True,92.54070000000006,218.19709090909086,60.93790888888889,0,1.2547457694248578,,,53.64024999999997,88%,NaN
425,4097,80,"(8, 1)",128,1024,torch.bfloat16,2,True,117.66864646464641,298.28174000000007,63.32262000000001,0,1.2098456284321344,,,103.47424489795921,163%,NaN
426,4097,80,"(8, 1)",128,1024,torch.bfloat16,3,True,167.43728571428562,,95.79991916666663,0,0.8012491792009367,,,139.27597959183677,145%,NaN
427,4097,80,"(8, 1)",128,1024,torch.bfloat16,4,True,200.49702000000008,,97.48484408163262,0,0.7889289759477265,,,685.8760606060603,704%,NaN
428,4097,128,"(8, 1)",128,1024,torch.bfloat16,1,True,143.0188399999999,351.5290715463918,91.74434303030304,0,1.3334722268497903,,,81.41142268041244,89%,NaN
429,4097,128,"(8, 1)",128,1024,torch.bfloat16,2,True,184.0321999999999,485.4661894505498,95.19033999999998,0,1.2877036890570075,,,162.59002127659576,171%,NaN
430,4097,128,"(8, 1)",128,1024,torch.bfloat16,3,True,263.5038125000001,,151.32303401360545,0,0.8116105479926476,,,222.2614020618557,147%,NaN
431,4097,128,"(8, 1)",128,1024,torch.bfloat16,4,True,316.97837113402073,,154.3813539893315,0,0.7970767580345067,,,1101.2806122448983,713%,NaN
432,512,4,"(10, 1)",128,1024,torch.bfloat16,1,True,16.12657142857147,18.416850000000004,13.476000000000061,0,0.036075273371124775,8.135439999999996,0.060901882343848,14.001693877551048,104%,60%
433,512,4,"(10, 1)",128,1024,torch.bfloat16,2,True,19.051959183673542,24.166560606060703,16.41880148856994,0,0.03017660028598037,11.548795918367354,0.04451460263230806,16.528585858585824,101%,70%
434,512,4,"(10, 1)",128,1024,torch.bfloat16,3,True,21.993232323232235,,16.903131313131333,0,0.029862918656346788,11.52677551020409,0.04621557105961383,19.71193877551021,117%,68%
435,512,4,"(10, 1)",128,1024,torch.bfloat16,4,True,24.473916666666668,,20.99213999999996,0,0.0244896452285353,14.026831578947395,0.03930630813304006,46.91093999999995,223%,67%
436,512,80,"(10, 1)",128,1024,torch.bfloat16,1,True,23.428152173913144,31.704391666666574,16.158065759637154,0,0.6017432917789991,8.866599999999996,1.1175954925122025,19.052100000000017,118%,55%
437,512,80,"(10, 1)",128,1024,torch.bfloat16,2,True,31.42984090909089,42.12680679131742,20.315382857142918,0,0.48777186546718587,12.258204081632645,0.8387689709915052,26.318480000000026,130%,60%
438,512,80,"(10, 1)",128,1024,torch.bfloat16,3,True,38.88083146067419,,20.810557575757624,0,0.4851161085944258,12.349039999999992,0.8627658711609227,34.804120000000026,167%,59%
439,512,80,"(10, 1)",128,1024,torch.bfloat16,4,True,46.048418604651204,,26.869438556701077,0,0.3826578364135808,14.854690721649478,0.7423149690606842,111.17450505050512,414%,55%
440,512,128,"(10, 1)",128,1024,torch.bfloat16,1,True,33.34404255319154,56.34615675206254,21.030799999999974,0,0.7397156687514013,14.713755102040828,1.0775519505591613,25.313546391752585,120%,70%
441,512,128,"(10, 1)",128,1024,torch.bfloat16,2,True,46.72064583333333,76.21439393939391,29.999751020408258,0,0.5284989031898352,21.400726315789477,0.7687067118778269,41.615835051546355,139%,71%
442,512,128,"(10, 1)",128,1024,torch.bfloat16,3,True,63.69356249999996,,31.668264043761894,0,0.510064546380233,21.540213483146047,0.7914001604069493,56.25691666666655,178%,68%
443,512,128,"(10, 1)",128,1024,torch.bfloat16,4,True,76.46227368421067,,46.01915151515145,0,0.35747903680039567,26.837719101123614,0.6573947207300848,196.05220000000008,426%,58%
444,4096,4,"(10, 1)",128,1024,torch.bfloat16,1,True,16.95470103092787,21.368460000000063,16.01043999999996,0,0.2388448094725169,27.81766666666668,0.13780177047382267,14.636391752577268,91%,174%
445,4096,4,"(10, 1)",128,1024,torch.bfloat16,2,True,19.352899999999977,27.395673469387802,19.628059999999948,0,0.19529814546711793,48.24664583333333,0.07983871421686123,17.05321999999998,87%,246%
446,4096,4,"(10, 1)",128,1024,torch.bfloat16,3,True,23.492860000000018,,20.44764000000007,0,0.1879256942543712,48.72196969696968,0.07944212116577591,20.39207999999986,100%,238%
447,4096,4,"(10, 1)",128,1024,torch.bfloat16,4,True,25.259239999999924,,24.60686536082472,0,0.1565396531466419,64.53183673469391,0.06026797420293022,58.08296969696965,236%,262%
448,4096,80,"(10, 1)",128,1024,torch.bfloat16,1,True,89.37185999999991,206.00632323232324,57.32319164835164,0,1.334193153385281,29.69283838383838,2.5819853713976784,53.09734042553199,93%,52%
449,4096,80,"(10, 1)",128,1024,torch.bfloat16,2,True,114.40620618556709,282.4414033333334,88.51431999999994,0,0.8661476961281094,50.42322448979594,1.5278476168810389,101.08006593406586,114%,57%
450,4096,80,"(10, 1)",128,1024,torch.bfloat16,3,True,163.60797938144324,,91.71718787878788,0,0.8379316967157427,50.95999999999998,1.5190646075753256,137.37067346938773,150%,56%
451,4096,80,"(10, 1)",128,1024,torch.bfloat16,4,True,196.94579999999993,,150.69408000000004,0,0.5112278025267639,66.22451020408167,1.1745509508817873,653.5673131313129,434%,44%
452,4096,128,"(10, 1)",128,1024,torch.bfloat16,1,True,136.87397777777778,330.55591690721644,86.40210612244903,0,1.4162656585067104,55.92532653061228,2.1933954892620795,79.29071111111112,92%,65%
453,4096,128,"(10, 1)",128,1024,torch.bfloat16,2,True,176.64639175257724,455.27022000000017,134.11963711340204,0,0.9146040176356571,97.13030612244899,1.2690416649167657,159.51332,119%,72%
454,4096,128,"(10, 1)",128,1024,torch.bfloat16,3,True,256.2008571428572,,138.69267139312302,0,0.8865961044407998,98.13454639175266,1.2621289484420637,216.11910416666663,156%,71%
455,4096,128,"(10, 1)",128,1024,torch.bfloat16,4,True,308.32745454545454,,238.02260082474237,0,0.5178600896234502,129.9757346938775,0.9575210217825221,1043.8453469387769,439%,55%
456,4097,4,"(10, 1)",128,1024,torch.bfloat16,1,True,17.04288888888886,22.77887999999998,17.328820000000015,0,0.2207271940008475,29.30011111111109,0.1308614504959304,14.568840000000055,84%,169%
457,4097,4,"(10, 1)",128,1024,torch.bfloat16,2,True,19.46806000000006,30.276222020202034,22.542080202020184,0,0.17009322144760644,50.7385157894737,0.07593603067087663,17.113636363636292,76%,225%
458,4097,4,"(10, 1)",128,1024,torch.bfloat16,3,True,23.514040000000076,,22.94561551020417,0,0.16750774298160803,51.83431313131314,0.0746900597075292,20.364399999999936,89%,226%
459,4097,4,"(10, 1)",128,1024,torch.bfloat16,4,True,25.347171717171722,,29.509938775510204,0,0.1305621648521235,68.54465656565655,0.056753284487502366,58.30434693877548,198%,232%
460,4097,80,"(10, 1)",128,1024,torch.bfloat16,1,True,94.81643298969074,219.14589263157904,61.42244105263167,0,1.245454185276763,31.032142857142855,2.4711506758286084,56.93248979591836,93%,51%
461,4097,80,"(10, 1)",128,1024,torch.bfloat16,2,True,122.53517999999994,301.8716492762678,94.96452666666654,0,0.807513115534284,53.146510204081636,1.4499094959910777,108.51418749999989,114%,56%
462,4097,80,"(10, 1)",128,1024,torch.bfloat16,3,True,174.09351515151516,,98.21285666666657,0,0.7827016535081778,54.05306315789478,1.4324841984874952,146.9411340206185,150%,55%
463,4097,80,"(10, 1)",128,1024,torch.bfloat16,4,True,210.95744,,163.80689636363638,0,0.4704174948325971,70.42131249999998,1.1048173503351997,695.512468085106,425%,43%
464,4097,128,"(10, 1)",128,1024,torch.bfloat16,1,True,146.64497826086955,355.2345102040818,93.06211134020622,0,1.3152306162366658,59.06625252525254,2.0772633445415454,85.0891919191919,91%,63%
465,4097,128,"(10, 1)",128,1024,torch.bfloat16,2,True,190.10076086956525,496.44950020202054,150.82929185471744,0,0.8134770094148928,102.41442857142853,1.2038558378705966,171.99532000000002,114%,68%
466,4097,128,"(10, 1)",128,1024,torch.bfloat16,3,True,276.14389898989896,,154.76716067653285,0,0.7947046644544923,104.66598989898989,1.1836533938599383,234.10689795918367,151%,68%
467,4097,128,"(10, 1)",128,1024,torch.bfloat16,4,True,331.1557551020411,,265.5744511111111,0,0.46424724668380263,138.23242268041244,0.9005434340191358,1118.3078762886591,421%,52%
468,512,4,"(16, 1)",128,1024,torch.bfloat16,1,True,16.526395833333265,18.1219329752954,13.50930185567008,0,0.036399980150756774,,,13.92744897959188,103%,NaN
469,512,4,"(16, 1)",128,1024,torch.bfloat16,2,True,18.85969387755101,24.015484848484817,16.378282828282764,0,0.030933614097561686,,,16.668060000000068,102%,NaN
470,512,4,"(16, 1)",128,1024,torch.bfloat16,3,True,22.287956989247178,,20.776732164948484,0,0.025102149733851612,,,19.62713131313142,94%,NaN
471,512,4,"(16, 1)",128,1024,torch.bfloat16,4,True,24.638061855670106,,22.549680000000016,0,0.02378933106715994,,,46.97618367346938,208%,NaN
472,512,80,"(16, 1)",128,1024,torch.bfloat16,1,True,25.374999999999936,31.253339999999923,16.480080808080785,0,0.5967668789049326,,,21.318061224489885,129%,NaN
473,512,80,"(16, 1)",128,1024,torch.bfloat16,2,True,36.43988888888878,42.05448818077686,20.451317959183633,0,0.49545900327984926,,,31.554040404040403,154%,NaN
474,512,80,"(16, 1)",128,1024,torch.bfloat16,3,True,45.787022222222205,,26.611652244897908,0,0.39196411931518443,,,41.908080808080804,157%,NaN
475,512,80,"(16, 1)",128,1024,torch.bfloat16,4,True,55.573266666666775,,29.709700000000016,0,0.3611223290565137,,,120.62237999999992,406%,NaN
476,512,128,"(16, 1)",128,1024,torch.bfloat16,1,True,36.80890322580654,55.11532653061218,21.373482020201948,0,0.7362219317297015,,,28.623090909090955,134%,NaN
477,512,128,"(16, 1)",128,1024,torch.bfloat16,2,True,54.013957446808604,76.69816182230458,31.136744176458453,0,0.5206858908248987,,,48.94383157894741,157%,NaN
478,512,128,"(16, 1)",128,1024,torch.bfloat16,3,True,74.64484444444452,,45.692936197636946,0,0.3652490280975306,,,66.91428260869557,146%,NaN
479,512,128,"(16, 1)",128,1024,torch.bfloat16,4,True,92.18861052631578,,49.950734949495015,0,0.34366136379512946,,,209.77197979797972,420%,NaN
480,4096,4,"(16, 1)",128,1024,torch.bfloat16,1,True,17.180707070707115,21.032883333333327,16.409769696969565,0,0.23337307576754532,,,14.771757575757592,90%,NaN
481,4096,4,"(16, 1)",128,1024,torch.bfloat16,2,True,19.435104166666694,27.932496767676867,19.91301142857136,0,0.19306470052523417,,,17.477219999999953,88%,NaN
482,4096,4,"(16, 1)",128,1024,torch.bfloat16,3,True,24.8053333333333,,25.515611836734713,0,0.15125644542256989,,,20.302262626262618,80%,NaN
483,4096,4,"(16, 1)",128,1024,torch.bfloat16,4,True,25.479700000000115,,28.60609999999999,0,0.13543621501709044,,,56.89334693877547,199%,NaN
484,4096,80,"(16, 1)",128,1024,torch.bfloat16,1,True,93.11829473684207,200.71184000000002,55.386999166666826,0,1.3828510244055927,,,56.10482828282828,101%,NaN
485,4096,80,"(16, 1)",128,1024,torch.bfloat16,2,True,121.79517999999996,282.45423776223777,90.74512000000003,0,0.8473182002542271,,,108.10486315789461,119%,NaN
486,4096,80,"(16, 1)",128,1024,torch.bfloat16,3,True,173.94816000000003,,149.35486489795915,0,0.5168095129466759,,,143.92212244897962,96%,NaN
487,4096,80,"(16, 1)",128,1024,torch.bfloat16,4,True,209.92555555555572,,163.10749450549451,0,0.4750611763299299,,,666.2441428571419,408%,NaN
488,4096,128,"(16, 1)",128,1024,torch.bfloat16,1,True,142.37421276595754,320.2337065979381,80.48736371134021,0,1.5225638411727096,,,84.68482474226803,105%,NaN
489,4096,128,"(16, 1)",128,1024,torch.bfloat16,2,True,186.87418000000002,453.3766514285714,138.0128600000001,0,0.8913950976481912,,,168.39197959183667,122%,NaN
490,4096,128,"(16, 1)",128,1024,torch.bfloat16,3,True,273.18509090909095,,239.31887944664032,0,0.5160513214008496,,,227.29323232323225,95%,NaN
491,4096,128,"(16, 1)",128,1024,torch.bfloat16,4,True,327.1074639175258,,261.4004672254459,0,0.47428247718427935,,,1061.4198144329894,406%,NaN
492,4097,4,"(16, 1)",128,1024,torch.bfloat16,1,True,17.051259999999964,21.901987272727183,17.271260000000016,0,0.22178635197394161,,,14.608819999999882,85%,NaN
493,4097,4,"(16, 1)",128,1024,torch.bfloat16,2,True,19.571639999999878,31.020920000000004,23.04888000000011,0,0.16683808109492917,,,17.362080808080734,75%,NaN
494,4097,4,"(16, 1)",128,1024,torch.bfloat16,3,True,23.28292929292918,,31.693300000000058,0,0.12180278077010442,,,20.551051546391694,65%,NaN
495,4097,4,"(16, 1)",128,1024,torch.bfloat16,4,True,25.950500000000005,,90.4390846464646,0,0.04284909835303706,,,57.75938000000003,64%,NaN
496,4097,80,"(16, 1)",128,1024,torch.bfloat16,1,True,98.74830000000013,213.46027999999998,58.474960000000024,0,1.310143606560299,,,59.79614141414135,102%,NaN
497,4097,80,"(16, 1)",128,1024,torch.bfloat16,2,True,129.51839999999996,301.77636946202534,97.72027833333333,0,0.787028235320856,,,115.02446938775519,118%,NaN
498,4097,80,"(16, 1)",128,1024,torch.bfloat16,3,True,186.30385714285728,,163.87136363636367,0,0.47114175242324474,,,154.9556565656565,95%,NaN
499,4097,80,"(16, 1)",128,1024,torch.bfloat16,4,True,226.2366666666666,,239.06976162423717,0,0.324192671348038,,,706.8514200000001,296%,NaN
500,4097,128,"(16, 1)",128,1024,torch.bfloat16,1,True,150.14887999999993,344.1290181818182,86.06514226804131,0,1.4242345826703813,,,89.68649484536094,104%,NaN
501,4097,128,"(16, 1)",128,1024,torch.bfloat16,2,True,201.21902000000006,496.06498153919966,154.37417822966512,0,0.7971138084746574,,,181.05109090909087,117%,NaN
502,4097,128,"(16, 1)",128,1024,torch.bfloat16,3,True,294.36051999999984,,267.2095733421168,0,0.462298654767271,,,247.34916000000004,93%,NaN
503,4097,128,"(16, 1)",128,1024,torch.bfloat16,4,True,353.97968421052656,,410.09052525252525,0,0.30239046215183574,,,1139.3648080808084,278%,NaN
504,512,4,"(64, 4)",128,1024,torch.bfloat16,1,True,16.731897959183776,18.761376623376574,14.156533333333334,0,0.138943145985921,,,14.629131313131385,103%,NaN
505,512,4,"(64, 4)",128,1024,torch.bfloat16,2,True,19.21909473684206,24.578699855699824,16.558000000000057,0,0.12239146771127396,,,17.18955555555559,104%,NaN
506,512,4,"(64, 4)",128,1024,torch.bfloat16,3,True,24.20488,,20.850639175257783,0,0.10005269141169527,,,21.958918367346953,105%,NaN
507,512,4,"(64, 4)",128,1024,torch.bfloat16,4,True,27.37494000000007,,22.760591958762923,0,0.09427554502104823,,,56.37315151515153,248%,NaN
508,512,80,"(64, 4)",128,1024,torch.bfloat16,1,True,71.54134736842109,105.67683666666673,34.16035346938774,0,1.1516000730791878,,,53.47217204301068,157%,NaN
509,512,80,"(64, 4)",128,1024,torch.bfloat16,2,True,107.6150816326531,149.5214710638299,52.64530355097351,0,0.7698912479063124,,,100.36592,191%,NaN
510,512,80,"(64, 4)",128,1024,torch.bfloat16,3,True,154.97222222222229,,82.85511278350515,0,0.5035688196067453,,,138.85162886597945,168%,NaN
511,512,80,"(64, 4)",128,1024,torch.bfloat16,4,True,192.6954,,90.29313578947362,0,0.4752891109944629,,,427.0068541666665,473%,NaN
512,512,128,"(64, 4)",128,1024,torch.bfloat16,1,True,108.83508163265306,167.36056534954403,47.19317984693877,0,1.33372036143683,,,79.40438775510195,168%,NaN
513,512,128,"(64, 4)",128,1024,torch.bfloat16,2,True,164.8469898989899,239.00604040404045,78.06320639175266,0,0.8307352018079076,,,154.91141666666658,198%,NaN
514,512,128,"(64, 4)",128,1024,torch.bfloat16,3,True,239.93475999999998,,126.816947368421,0,0.5264060011987078,,,216.17525252525252,170%,NaN
515,512,128,"(64, 4)",128,1024,torch.bfloat16,4,True,300.447414141414,,139.13682272727277,0,0.4935038003264018,,,675.140880000001,485%,NaN
516,4096,4,"(64, 4)",128,1024,torch.bfloat16,1,True,29.517655913978455,55.8059460674157,22.664842988505782,0,0.6758658648129148,,,20.976674418604578,93%,NaN
517,4096,4,"(64, 4)",128,1024,torch.bfloat16,2,True,37.045726315789466,77.66035441008017,32.764652525252416,0,0.46934721313460065,,,31.77483720930237,97%,NaN
518,4096,4,"(64, 4)",128,1024,torch.bfloat16,3,True,49.79103157894733,,48.60645294313273,0,0.3176039818187812,,,42.154522727272614,87%,NaN
519,4096,4,"(64, 4)",128,1024,torch.bfloat16,4,True,58.09040816326533,,54.33924297872346,0,0.28519366100976956,,,173.68824242424233,320%,NaN
520,4096,80,"(64, 4)",128,1024,torch.bfloat16,1,True,336.7858400000001,775.2134222222224,180.47144747252744,0,1.6975974783609196,,,191.44100000000006,106%,NaN
521,4096,80,"(64, 4)",128,1024,torch.bfloat16,2,True,445.20348453608244,1113.526487500001,320.7470336170212,0,0.9588863958388115,,,394.5037346938776,123%,NaN
522,4096,80,"(64, 4)",128,1024,torch.bfloat16,3,True,656.4884399999995,,566.2811451355664,0,0.5452275121443587,,,541.1164999999999,96%,NaN
523,4096,80,"(64, 4)",128,1024,torch.bfloat16,4,True,795.64886,,619.971804965285,0,0.49993265879145327,,,2581.6411919191933,416%,NaN
524,4096,128,"(64, 4)",128,1024,torch.bfloat16,1,True,533.4207105263159,1253.4744885106388,285.53502478777585,0,1.716737198867794,,,298.9369999999999,105%,NaN
525,4096,128,"(64, 4)",128,1024,torch.bfloat16,2,True,706.5092631578949,1791.866179024286,509.8637493617019,0,0.9651518623979044,,,636.8812000000003,125%,NaN
526,4096,128,"(64, 4)",128,1024,torch.bfloat16,3,True,1054.7115578947373,,913.0277379591829,0,0.5410605563886187,,,871.80872,95%,NaN
527,4096,128,"(64, 4)",128,1024,torch.bfloat16,4,True,1266.034536082473,,993.4950355555552,0,0.4991576472789724,,,4129.894100000002,416%,NaN
528,4097,4,"(64, 4)",128,1024,torch.bfloat16,1,True,28.7576666666667,56.795774294670814,23.514688435374097,0,0.6515977891726674,,,20.795247058823616,88%,NaN
529,4097,4,"(64, 4)",128,1024,torch.bfloat16,2,True,37.77468085106383,80.77506782106784,36.166328131868156,0,0.42530509556472096,,,32.588136363636416,90%,NaN
530,4097,4,"(64, 4)",128,1024,torch.bfloat16,3,True,51.56763440860211,,54.96357565217393,0,0.28093747730027624,,,43.79456179775279,80%,NaN
531,4097,4,"(64, 4)",128,1024,torch.bfloat16,4,True,59.998610526315744,,125.3054095652172,0,0.12370521740190565,,,177.7691836734694,142%,NaN
532,4097,80,"(64, 4)",128,1024,torch.bfloat16,1,True,362.8823877551018,828.2503269565213,196.84924607779925,0,1.5567363658094178,,,207.58652083333322,105%,NaN
533,4097,80,"(64, 4)",128,1024,torch.bfloat16,2,True,481.12272000000013,1200.062673894558,357.2862537878787,0,0.8610308109688087,,,426.69672727272723,119%,NaN
534,4097,80,"(64, 4)",128,1024,torch.bfloat16,3,True,708.8386122448976,,622.6366597938144,0,0.4959980445815065,,,585.7912164948451,94%,NaN
535,4097,80,"(64, 4)",128,1024,torch.bfloat16,4,True,861.0938800000007,,920.4546488888892,0,0.3368103567212508,,,2758.970770833336,300%,NaN
536,4097,128,"(64, 4)",128,1024,torch.bfloat16,1,True,573.8494712643674,1342.2546719829886,314.1331436742165,0,1.5608280049266472,,,327.9088163265306,104%,NaN
537,4097,128,"(64, 4)",128,1024,torch.bfloat16,2,True,764.7823599999997,1931.6768214285694,570.8234244485678,0,0.8622896949799667,,,687.5585154639176,120%,NaN
538,4097,128,"(64, 4)",128,1024,torch.bfloat16,3,True,1137.0923599999999,,1003.9555782828281,0,0.492175665812962,,,943.0744646464661,94%,NaN
539,4097,128,"(64, 4)",128,1024,torch.bfloat16,4,True,1366.117755102041,,1506.2679,0,0.32931051230714053,,,4407.56214,293%,NaN
