context_lengths,batch_size,num_heads,head_size,block_size,data_type,query_length,trans_v,us_hip_bf16,us_triton_fp8,us_gluon_fp8,err_gluon_fp8,gluon_fp8_bandwith(TB/s),us_asm_fp8,asm_fp8_bandwith(TB/s),us_hip_fp8,perf_fp8_gluon_vs_hip,perf_fp8_gluon_vs_asm
512,4,"(5, 1)",128,16,torch.bfloat16,1,False,13.769877551020357,18.502563579277883,11.77971020408156,0,0.040874840105096066,9.382434343434346,0.051814951872216276,13.653122448979586,116%,80%
512,4,"(5, 1)",128,16,torch.bfloat16,2,False,17.550021052631514,24.248391397849506,12.15241999999994,0,0.040004409323351406,9.585708333333324,0.051687741006317726,16.57827368421054,136%,79%
512,4,"(5, 1)",128,16,torch.bfloat16,3,False,20.496129032258057,,12.286440000000006,0,0.03994704705531927,,,19.645795918367313,160%,NaN
512,4,"(5, 1)",128,16,torch.bfloat16,4,False,23.05153061224483,,14.764439999999851,0,0.03355790058379725,14.147957446808503,0.03633669829164722,46.408920000000116,314%,96%
512,80,"(5, 1)",128,16,torch.bfloat16,1,False,17.709780487804753,32.87293999999994,15.693688888888847,0,0.6136145229909592,10.398628865979381,0.9350278584127395,16.762459999999898,107%,66%
512,80,"(5, 1)",128,16,torch.bfloat16,2,False,24.313908045976984,43.10834693877556,16.075550204081626,0,0.6048320309756424,10.39419191919191,0.9533470490969229,22.49222222222209,140%,65%
512,80,"(5, 1)",128,16,torch.bfloat16,3,False,29.57519512195131,,16.429684489795996,0,0.5974636909518052,,,28.53391666666658,174%,NaN
512,80,"(5, 1)",128,16,torch.bfloat16,4,False,36.26534065934083,,19.824727272727294,0,0.49984406128707703,15.070131313131311,0.6822635456929208,103.50392000000005,522%,76%
512,128,"(5, 1)",128,16,torch.bfloat16,1,False,23.137590909090964,59.073434343434386,20.64444,0,0.7463414204714912,15.19314736842105,1.0239361146928503,20.723795918367315,100%,74%
512,128,"(5, 1)",128,16,torch.bfloat16,2,False,35.80433333333339,79.4473999999999,21.328407474747436,0,0.7293939927205544,18.834240000000005,0.8418091470775514,35.991173913043674,169%,88%
512,128,"(5, 1)",128,16,torch.bfloat16,3,False,48.839868131868144,,21.770439999999986,0,0.721428868608785,,,47.19695918367348,217%,NaN
512,128,"(5, 1)",128,16,torch.bfloat16,4,False,59.665311111111116,,27.257299999999965,0,0.5816730017372933,27.155276595744652,0.6058079320240005,182.3769400000001,669%,100%
4096,4,"(5, 1)",128,16,torch.bfloat16,1,False,14.526839999999957,21.50784161616162,14.324112929292804,0,0.2666380736699932,35.05736170212765,0.10907867294357958,14.384282828282826,100%,245%
4096,4,"(5, 1)",128,16,torch.bfloat16,2,False,18.426420000000007,26.680969696969782,14.48323999999998,0,0.2640300437865532,33.94561224489796,0.11292545526833025,17.25603999999988,119%,234%
4096,4,"(5, 1)",128,16,torch.bfloat16,3,False,21.185660000000002,,14.670501010100944,0,0.26097725644189756,60.856505154639166,0.06314258324724936,20.349448979591802,139%,415%
4096,4,"(5, 1)",128,16,torch.bfloat16,4,False,23.776480000000078,,17.89717876288664,0,0.21418592102719944,60.88786956521737,0.06326301439211585,57.153760000000005,319%,340%
4096,80,"(5, 1)",128,16,torch.bfloat16,1,False,63.229653061224546,217.1326137373738,52.75210101010098,0,1.44803858248859,39.64396969696972,1.9291763769375756,51.07689361702128,97%,75%
4096,80,"(5, 1)",128,16,torch.bfloat16,2,False,90.01313402061854,297.92174631578945,54.837301676559285,0,1.3946749290932976,36.05993877551022,2.1260844290288565,98.19067999999994,179%,66%
4096,80,"(5, 1)",128,16,torch.bfloat16,3,False,135.19074747474744,,56.70112453608252,0,1.3504730763524129,62.42127083333338,1.2311947166610613,131.86489795918374,233%,110%
4096,80,"(5, 1)",128,16,torch.bfloat16,4,False,168.07320408163258,,73.42342040816318,0,1.0441692026352731,62.57714285714282,1.2311045192341954,639.6252857142852,871%,85%
4096,128,"(5, 1)",128,16,torch.bfloat16,1,False,91.8738585858586,350.14184083333333,78.63952577319596,0,1.5541716828815941,67.07293749999997,1.8244069856620935,74.8949387755102,95%,85%
4096,128,"(5, 1)",128,16,torch.bfloat16,2,False,137.43668131868137,480.80088666666643,81.44300408163265,0,1.5025027269527493,69.85942105263159,1.7559028846708868,151.66085999999999,186%,86%
4096,128,"(5, 1)",128,16,torch.bfloat16,3,False,212.0778400000001,,84.1917795918368,0,1.4552174562621387,122.40224999999998,1.0045924986806276,208.1366399999999,247%,145%
4096,128,"(5, 1)",128,16,torch.bfloat16,4,False,264.8338979591837,,110.62789234042555,0,1.1088194518818402,122.68270833333328,1.004725173335752,1022.462755102041,924%,111%
4097,4,"(5, 1)",128,16,torch.bfloat16,1,False,14.626399999999949,22.971345714285764,15.610313762626202,0,0.24472827767364402,37.04281443298973,0.10325732189882791,14.421134020618668,92%,237%
4097,4,"(5, 1)",128,16,torch.bfloat16,2,False,18.350460000000023,28.02205999999995,15.85471070707073,0,0.24124954939984863,35.85041414141417,0.10695148526227531,17.219484536082383,109%,226%
4097,4,"(5, 1)",128,16,torch.bfloat16,3,False,21.150860000000026,,15.958080000000002,0,0.23997864572798525,65.04532653061216,0.059090613737317284,20.32573737373743,127%,408%
4097,4,"(5, 1)",128,16,torch.bfloat16,4,False,23.815010101010124,,20.66025450380085,0,0.18558605069393214,65.08046808510636,0.05920180976795962,56.89256000000001,275%,315%
4097,80,"(5, 1)",128,16,torch.bfloat16,1,False,65.52343999999995,230.99891546391746,56.51749387755102,0,1.3518947635397984,41.354696969696974,1.8498221939570876,53.866206185567044,95%,73%
4097,80,"(5, 1)",128,16,torch.bfloat16,2,False,95.77464000000005,316.4844073469388,58.31171422680399,0,1.3118948275362374,37.686546391752564,2.0348136970868866,103.68243298969074,178%,65%
4097,80,"(5, 1)",128,16,torch.bfloat16,3,False,144.31163999999993,,60.382089387755,0,1.2684550884704757,66.54083673469388,1.1552509568711424,141.0536000000001,234%,110%
4097,80,"(5, 1)",128,16,torch.bfloat16,4,False,178.51816161616154,,79.35014141414132,0,0.9664141667197094,66.64124489795918,1.1563053772731142,680.6088842105262,858%,84%
4097,128,"(5, 1)",128,16,torch.bfloat16,1,False,96.59989898989899,374.2643400000002,84.11377777777781,0,1.4533781464113884,69.55178350515465,1.759813075637283,79.78931313131315,95%,83%
4097,128,"(5, 1)",128,16,torch.bfloat16,2,False,146.30932608695653,514.9891800000001,86.99697282099346,0,1.4069241041077742,73.7825102040816,1.6629437102473925,161.88818181818178,186%,85%
4097,128,"(5, 1)",128,16,torch.bfloat16,3,False,228.27347999999995,,90.16301999999993,0,1.3591730806954248,130.5022916666667,0.9424676220106109,225.02767346938776,250%,145%
4097,128,"(5, 1)",128,16,torch.bfloat16,4,False,284.65686,,125.71949350649356,0,0.9759517625148894,130.92308163265307,0.9417148311848595,1094.5021000000002,871%,104%
512,4,"(8, 1)",128,16,torch.bfloat16,1,False,13.981934782608755,19.2395217391304,12.065957122242864,0,0.040136703113861846,9.431226804123732,0.052139380126238054,13.684821052631625,113%,78%
512,4,"(8, 1)",128,16,torch.bfloat16,2,False,17.632589473684142,24.275214727924357,11.946673469387813,0,0.04116110820782071,9.745460000000005,0.05198723103792124,16.319312500000034,137%,82%
512,4,"(8, 1)",128,16,torch.bfloat16,3,False,20.236778947368574,,15.55122000000003,0,0.03209966163387152,,,19.17636734693873,123%,NaN
512,4,"(8, 1)",128,16,torch.bfloat16,4,False,22.746989690721694,,15.68125252525243,0,0.032308610538281254,14.24188888888889,0.03766647859449542,46.62295999999994,297%,91%
512,80,"(8, 1)",128,16,torch.bfloat16,1,False,17.594752941176537,33.13926315789483,15.841460408163185,0,0.6114180464706308,10.375367346938766,0.9478957283224465,16.791600000000006,106%,65%
512,80,"(8, 1)",128,16,torch.bfloat16,2,False,26.267536842105248,43.4092004081633,16.28753795918367,0,0.6038215482650128,10.441039999999996,0.9704770417330465,24.594595744680888,151%,64%
512,80,"(8, 1)",128,16,torch.bfloat16,3,False,33.41321951219508,,20.818878182200656,0,0.4795540812767557,,,32.39773469387759,156%,NaN
512,80,"(8, 1)",128,16,torch.bfloat16,4,False,40.40166666666667,,21.656188421052647,0,0.4678934914495853,15.237039999999993,0.7041286273167436,107.15387878787872,495%,70%
512,128,"(8, 1)",128,16,torch.bfloat16,1,False,25.415011764705785,59.67262978723396,20.743566593772833,0,0.7470850092989209,14.993624999999994,1.0494877803535254,23.166920000000047,112%,72%
512,128,"(8, 1)",128,16,torch.bfloat16,2,False,39.141806451612936,79.84662,21.46208163265308,0,0.7331826655976581,18.803060000000002,0.8622247325119552,38.91733333333334,181%,88%
512,128,"(8, 1)",128,16,torch.bfloat16,3,False,53.83283516483527,,28.761777777777695,0,0.5553914268869278,,,51.4638979591836,179%,NaN
512,128,"(8, 1)",128,16,torch.bfloat16,4,False,66.34313978494625,,30.066799797979876,0,0.5392147979777857,27.355762886597933,0.6275144936178142,189.70442424242427,631%,91%
4096,4,"(8, 1)",128,16,torch.bfloat16,1,False,14.642080808080802,21.742852121212074,14.412080000000042,0,0.26520445669340664,35.096494949494975,0.1091162645252686,14.340666666666655,100%,244%
4096,4,"(8, 1)",128,16,torch.bfloat16,2,False,18.42399999999999,26.98750163265305,14.700052323232386,0,0.2605159725021141,34.03223232323229,0.11296642405053826,17.011373737373603,116%,232%
4096,4,"(8, 1)",128,16,torch.bfloat16,3,False,21.13804000000001,,18.760500000000068,0,0.20452807800515752,,,20.064039999999885,107%,NaN
4096,4,"(8, 1)",128,16,torch.bfloat16,4,False,23.862079999999892,,19.382970933828034,0,0.1983441857874894,61.10948484848481,0.06339935478111712,58.59940206185558,302%,315%
4096,80,"(8, 1)",128,16,torch.bfloat16,1,False,63.61164210526319,219.07296338383827,53.7315620723363,0,1.4226825719588585,39.507164948453585,1.9386855178373146,50.96303092783515,95%,74%
4096,80,"(8, 1)",128,16,torch.bfloat16,2,False,92.32797979797972,300.70136249999996,56.92088166666667,0,1.3455864753625173,36.241571428571405,2.1215965182910614,97.31179797979794,171%,64%
4096,80,"(8, 1)",128,16,torch.bfloat16,3,False,137.18659183673472,,78.65867999999995,0,0.9756199843210625,,,130.69120000000004,166%,NaN
4096,80,"(8, 1)",128,16,torch.bfloat16,4,False,171.17118367346936,,82.54470000000016,0,0.9314951990891448,62.82938775510201,1.2332769899021594,647.6928387096781,785%,76%
4096,128,"(8, 1)",128,16,torch.bfloat16,1,False,100.18918181818181,352.3671446808512,79.78185999999995,0,1.5330393535460518,66.95549484536078,1.8302777082185089,77.47046938775512,97%,84%
4096,128,"(8, 1)",128,16,torch.bfloat16,2,False,142.62581052631583,483.68504742268027,84.03105142857147,0,1.4583555432764195,69.98820408163263,1.7577817352323242,153.40525999999994,183%,83%
4096,128,"(8, 1)",128,16,torch.bfloat16,3,False,213.68943999999996,,118.67838000000009,0,1.0346077207769822,,,205.47144,173%,NaN
4096,128,"(8, 1)",128,16,torch.bfloat16,4,False,269.08600000000007,,124.09202000000008,0,0.9913932162310368,123.17956565656566,1.0064791223446263,1033.9078181818177,833%,99%
4097,4,"(8, 1)",128,16,torch.bfloat16,1,False,14.602439999999909,22.991240000000015,15.691300000000084,0,0.24364323980782457,37.12611340206186,0.10317615819114336,14.349680000000113,91%,237%
4097,4,"(8, 1)",128,16,torch.bfloat16,2,False,18.37644000000003,27.81023224489794,15.70657333333336,0,0.24388067773281266,35.86578787878787,0.10721724345170781,17.14129999999995,109%,228%
4097,4,"(8, 1)",128,16,torch.bfloat16,3,False,21.142440000000068,,21.397947070707005,0,0.17936208166644355,,,19.99164000000003,93%,NaN
4097,4,"(8, 1)",128,16,torch.bfloat16,4,False,23.57048000000002,,22.386022886598028,0,0.17177820866472343,65.19673469387757,0.059439069321042495,57.60022,257%,291%
4097,80,"(8, 1)",128,16,torch.bfloat16,1,False,66.11375757575752,232.85120701030917,57.3036130375925,0,1.334323951367084,41.12075510204084,1.8630639149928214,53.735750000000046,94%,72%
4097,80,"(8, 1)",128,16,torch.bfloat16,2,False,97.00488659793812,318.5610296907216,60.00970080808071,0,1.2766368429811121,37.96817525773194,2.0256074380631266,103.36115151515152,172%,63%
4097,80,"(8, 1)",128,16,torch.bfloat16,3,False,146.18164,,84.30787999999991,0,0.9104677593578181,,,139.8212199999999,166%,NaN
4097,80,"(8, 1)",128,16,torch.bfloat16,4,False,181.78755102040813,,88.97667750000002,0,0.864368285854978,67.03013402061858,1.1562659957633314,688.765979166667,774%,75%
4097,128,"(8, 1)",128,16,torch.bfloat16,1,False,103.29104545454533,376.83152,84.89444444444433,0,1.441066423157391,69.57334343434341,1.761837881145773,81.83646666666672,96%,82%
4097,128,"(8, 1)",128,16,torch.bfloat16,2,False,150.5172000000001,518.8075379591835,89.66032000000001,0,1.3671259703354928,73.44994845360826,1.6753420761964994,162.8837,182%,82%
4097,128,"(8, 1)",128,16,torch.bfloat16,3,False,230.1626800000001,,131.51667273174328,0,0.9338387902361314,,,222.4799368421054,169%,NaN
4097,128,"(8, 1)",128,16,torch.bfloat16,4,False,289.46053061224484,,139.1561606896552,0,0.8842856006442098,131.39819191919187,0.9437531951083703,1107.0364329896902,796%,94%
512,4,"(10, 1)",128,16,torch.bfloat16,1,False,14.057835051546435,19.304463636363685,12.197123232323209,0,0.03985779061909844,9.205059999999998,0.05382513635928876,13.899858585858588,114%,75%
512,4,"(10, 1)",128,16,torch.bfloat16,2,False,17.89214432989683,25.158508888888914,15.387575757575824,0,0.032198938773802685,14.165821052631584,0.03629087641850746,16.63025806451615,108%,92%
512,4,"(10, 1)",128,16,torch.bfloat16,3,False,20.715915789473723,,15.04991714285713,0,0.033540173719904,19.67504040404041,0.02707575190395322,19.73785567010307,131%,131%
512,4,"(10, 1)",128,16,torch.bfloat16,4,False,23.155604166666595,,18.466080000000126,0,0.027839696415684352,23.33564646464646,0.023626641970585588,46.85030303030311,254%,126%
512,80,"(10, 1)",128,16,torch.bfloat16,1,False,19.789600000000043,33.39992515463922,15.985066060606059,0,0.6082557083043394,10.075020202020195,0.983548617790536,18.704363636363674,117%,63%
512,80,"(10, 1)",128,16,torch.bfloat16,2,False,28.01848888888896,44.28038874570441,20.455304444444383,0,0.4844353317166113,14.989597938144321,0.6859290867028915,26.436499999999995,129%,73%
512,80,"(10, 1)",128,16,torch.bfloat16,3,False,35.557600000000136,,20.41397959183675,0,0.4945403547316586,20.3779894736842,0.5228352025286842,34.91965999999999,171%,100%
512,80,"(10, 1)",128,16,torch.bfloat16,4,False,43.74834482758606,,25.19542857142856,0,0.40808201355282253,24.307653061224492,0.4536373485203835,110.80074747474751,440%,96%
512,128,"(10, 1)",128,16,torch.bfloat16,1,False,27.003888888888927,60.12405723684213,21.06806530612225,0,0.7384072557367779,14.735439999999992,1.0759662086950854,25.127816326530592,119%,70%
512,128,"(10, 1)",128,16,torch.bfloat16,2,False,41.98578723404254,80.72052740097665,27.809642105263176,0,0.5701200846181785,26.90176288659794,0.6115168744648848,41.59813333333329,150%,97%
512,128,"(10, 1)",128,16,torch.bfloat16,3,False,58.58879569892466,,28.425769494949467,0,0.5682470174466449,36.49418279569892,0.467113580846392,55.825479999999935,196%,128%
512,128,"(10, 1)",128,16,torch.bfloat16,4,False,72.17756989247307,,37.767838383838466,0,0.4355791239841631,46.14904395604394,0.3823042330047013,193.85940816326536,513%,122%
4096,4,"(10, 1)",128,16,torch.bfloat16,1,False,14.75282000000011,21.80059657802512,14.453347368421163,0,0.2645761147155544,33.18139175257733,0.11552630901383332,14.496079999999935,100%,230%
4096,4,"(10, 1)",128,16,torch.bfloat16,2,False,18.577279999999927,28.38165999999999,18.549680000000002,0,0.2066517437021721,60.99352525252527,0.06315342739515026,17.29247999999999,93%,329%
4096,4,"(10, 1)",128,16,torch.bfloat16,3,False,21.36685999999993,,18.273632323232295,0,0.210283148686214,88.25188421052628,0.04385828874620518,20.507300000000004,112%,483%
4096,4,"(10, 1)",128,16,torch.bfloat16,4,False,24.06804,,22.354043838383802,0,0.17231558622943607,115.56057142857136,0.03365510418921886,57.56424242424237,258%,517%
4096,80,"(10, 1)",128,16,torch.bfloat16,1,False,66.5158181818182,220.7493725575337,54.47131313131316,0,1.4040456422090177,36.549226804123705,2.0976223314714884,53.63282474226802,98%,67%
4096,80,"(10, 1)",128,16,torch.bfloat16,2,False,95.29729896907216,302.4888387234042,76.37479591836731,0,1.0038190403060536,62.41335416666664,1.2343352540622934,102.5447,134%,82%
4096,80,"(10, 1)",128,16,torch.bfloat16,3,False,143.88843999999995,,76.45782000000001,0,1.0051651859452604,90.04855555555562,0.859664343580496,136.82870707070708,179%,118%
4096,80,"(10, 1)",128,16,torch.bfloat16,4,False,178.12454000000002,,110.46148530612243,0,0.6974286391197241,117.87151546391753,0.6599055007118813,652.0356000000002,590%,107%
4096,128,"(10, 1)",128,16,torch.bfloat16,1,False,102.20101123595506,354.8888886868689,81.04411696969699,0,1.5098978223136343,61.68415463917524,1.9886202488353337,79.95258585858582,99%,76%
4096,128,"(10, 1)",128,16,torch.bfloat16,2,False,146.09177011494265,487.6201278350514,114.32876000000002,0,1.0729265230179517,122.64278723404254,1.0050522185237263,160.06806250000008,140%,107%
4096,128,"(10, 1)",128,16,torch.bfloat16,3,False,224.55789999999993,,115.41249053030309,0,1.0654339197311133,177.44196969696964,0.6980223002189597,214.75704,186%,154%
4096,128,"(10, 1)",128,16,torch.bfloat16,4,False,280.49781443298957,,171.0964393384394,0,0.720426479195672,232.5758041237114,0.535113696628631,1044.1479800000004,610%,136%
4097,4,"(10, 1)",128,16,torch.bfloat16,1,False,14.653660000000098,23.151090505050448,15.809777777777704,0,0.24193520413184588,35.07910309278351,0.10930310930557141,14.36526000000005,91%,222%
4097,4,"(10, 1)",128,16,torch.bfloat16,2,False,18.567260000000054,31.052479999999985,21.286585656565695,0,0.18012541332617502,64.63163157894738,0.059612938696711505,17.28199999999998,81%,304%
4097,4,"(10, 1)",128,16,torch.bfloat16,3,False,21.504059999999946,,20.949289387755098,0,0.18347010222144589,94.41230526315788,0.041006391400839,20.479279999999964,98%,451%
4097,4,"(10, 1)",128,16,torch.bfloat16,4,False,24.128479999999982,,27.19238747474744,0,0.14168970984111864,124.10603030303024,0.03134524877373239,57.76632653061227,212%,456%
4097,80,"(10, 1)",128,16,torch.bfloat16,1,False,69.34709278350503,234.14579102040815,57.941087159863876,0,1.320286519095668,37.937897959183694,2.0213323594349326,57.11524210526303,99%,65%
4097,80,"(10, 1)",128,16,torch.bfloat16,2,False,101.60759595959595,322.63408163265314,82.22958462172745,0,0.9325731261638411,66.08981632653062,1.1659531544612753,108.9801616161617,133%,80%
4097,80,"(10, 1)",128,16,torch.bfloat16,3,False,153.29785567010313,,82.66553111111112,0,0.9299083218305151,96.29234693877554,0.8041153976936756,146.65420202020204,177%,116%
4097,80,"(10, 1)",128,16,torch.bfloat16,4,False,189.79573737373744,,120.89564448979584,0,0.6373896276320252,126.83299999999998,0.6134262209628178,695.1132448979599,575%,105%
4097,128,"(10, 1)",128,16,torch.bfloat16,1,False,105.42820689655181,379.2275530612244,86.37233020408166,0,1.4170989454268597,63.862877551020404,1.9212438583294171,85.39254945054951,99%,74%
4097,128,"(10, 1)",128,16,torch.bfloat16,2,False,156.32564210526337,529.2516747062461,128.19881913875605,0,0.9570771563608657,129.76308163265304,0.9501331670507335,171.89172000000002,134%,101%
4097,128,"(10, 1)",128,16,torch.bfloat16,3,False,242.03034000000022,,130.0867733143738,0,0.9454780171753895,189.93007070707077,0.6522835152139879,232.19049484536075,178%,146%
4097,128,"(10, 1)",128,16,torch.bfloat16,4,False,303.49581443298973,,193.36945626373625,0,0.6375991850012624,250.8446734693878,0.4962604901737924,1120.2063673469386,579%,130%
512,4,"(16, 1)",128,16,torch.bfloat16,1,False,14.155163265306056,18.2809391304347,12.240879999999962,0,0.04017181112771093,9.153363636363634,0.05535008776206484,13.972989898989916,114%,75%
512,4,"(16, 1)",128,16,torch.bfloat16,2,False,17.937855670103115,24.31249021197734,15.438839591836619,0,0.0328159041731808,14.20455319148935,0.03776548235955245,16.746474226804093,108%,92%
512,4,"(16, 1)",128,16,torch.bfloat16,3,False,20.63010416666664,,18.220062925170033,0,0.0286245247300539,19.79904040404042,0.028599574212225788,19.512346938775547,107%,109%
512,4,"(16, 1)",128,16,torch.bfloat16,4,False,23.436938775510228,,21.294532929292938,0,0.025191527081609835,23.482935483870968,0.025382109837302706,47.21876767676764,222%,110%
512,80,"(16, 1)",128,16,torch.bfloat16,1,False,22.104048192771135,32.00084027777781,16.36684,0,0.6008958594291538,10.071820000000013,1.0060534850519955,20.931812499999936,128%,62%
512,80,"(16, 1)",128,16,torch.bfloat16,2,False,32.76499999999998,43.43820000000005,20.68413732993195,0,0.4898821473764476,15.14625999999999,0.70834886365151,31.173740000000066,151%,73%
512,80,"(16, 1)",128,16,torch.bfloat16,3,False,42.511397590361554,,25.177474747474776,0,0.41429146252006616,20.39586,0.555253983275244,42.12768000000009,167%,81%
512,80,"(16, 1)",128,16,torch.bfloat16,4,False,53.03767816091952,,29.516313877551013,0,0.36348834424512116,24.40533333333333,0.4884558957773488,118.52236,402%,83%
512,128,"(16, 1)",128,16,torch.bfloat16,1,False,30.730629213483184,57.22895510204073,21.32271250000005,0,0.7379748810430701,14.464284210526309,1.1208617822310012,28.615090909090867,134%,68%
512,128,"(16, 1)",128,16,torch.bfloat16,2,False,49.17295652173923,79.48524064516141,28.86730505050495,0,0.5616202603790567,27.189623655914,0.6313488525089864,48.95870329670319,170%,94%
512,128,"(16, 1)",128,16,torch.bfloat16,3,False,69.73540659340655,,37.487342040816316,0,0.44519828903681724,36.821842105263144,0.49209412065586977,66.80581052631581,178%,98%
512,128,"(16, 1)",128,16,torch.bfloat16,4,False,87.67431111111104,,45.00266202020205,0,0.38144716167249126,46.606010752688164,0.409249494219474,207.85064000000006,462%,104%
4096,4,"(16, 1)",128,16,torch.bfloat16,1,False,14.779600000000105,21.000856363636338,14.703494949494944,0,0.2604549761790064,33.18838144329899,0.11583871887759478,14.463220000000025,98%,226%
4096,4,"(16, 1)",128,16,torch.bfloat16,2,False,18.902479999999834,28.245542222222277,19.134920000000015,0,0.20091537294186188,61.00041414141414,0.06351271487139078,17.71121212121212,93%,319%
4096,4,"(16, 1)",128,16,torch.bfloat16,3,False,21.784460000000053,,23.127604411461604,0,0.16687421146367828,88.2776530612245,0.044225283493665314,20.08523999999993,87%,382%
4096,4,"(16, 1)",128,16,torch.bfloat16,4,False,24.34646000000004,,27.613405656565774,0,0.14030510972047297,115.60873469387754,0.0340277623969542,59.51035051546389,216%,419%
4096,80,"(16, 1)",128,16,torch.bfloat16,1,False,69.97667999999989,211.24280701030924,56.971491666666694,0,1.3443911383698233,36.15908510638298,2.1264363170151364,56.48218181818183,99%,63%
4096,80,"(16, 1)",128,16,torch.bfloat16,2,False,102.43031578947374,295.2313310023309,77.88344000000002,0,0.9872444226943992,62.78170833333329,1.2342135992318546,108.73832653061231,140%,81%
4096,80,"(16, 1)",128,16,torch.bfloat16,3,False,153.9232599999999,,112.56799907235619,0,0.6857012261052639,90.34110101010097,0.8643030003257476,143.61570526315785,128%,80%
4096,80,"(16, 1)",128,16,torch.bfloat16,4,False,190.79777999999988,,132.25008163265298,0,0.5859054092929666,118.16219191919197,0.6658486088115353,662.757541666667,501%,89%
4096,128,"(16, 1)",128,16,torch.bfloat16,1,False,108.08141025641035,337.95781632653063,83.84126166666668,0,1.4616567931124653,61.8808541666667,1.9880783559493178,85.60030303030294,102%,74%
4096,128,"(16, 1)",128,16,torch.bfloat16,2,False,156.61516666666662,474.3886609090908,115.43801304347826,0,1.065714694604721,122.90042268041238,1.0087651322013864,169.43933333333342,147%,106%
4096,128,"(16, 1)",128,16,torch.bfloat16,3,False,240.04666666666674,,177.78141768707493,0,0.6946779116813631,177.9595454545455,0.7020209853319093,225.56687755102044,127%,100%
4096,128,"(16, 1)",128,16,torch.bfloat16,4,False,298.6865858585861,,208.9158621276596,0,0.5934334514870632,233.11649494949492,0.5400090190653312,1062.3176999999994,508%,112%
4097,4,"(16, 1)",128,16,torch.bfloat16,1,False,14.789679999999993,21.97607999999993,15.598420000000054,0,0.24557165080780294,35.07704166666664,0.10962814216575126,14.544204081632685,93%,225%
4097,4,"(16, 1)",128,16,torch.bfloat16,2,False,18.808819999999933,31.142880000000034,22.077857979797987,0,0.1741759057471071,64.70061616161618,0.059894842783181995,17.482929292929303,79%,293%
4097,4,"(16, 1)",128,16,torch.bfloat16,3,False,21.67448000000011,,29.26200064474546,0,0.1319230396666112,94.49619587628871,0.04132479111090402,20.460099999999898,70%,323%
4097,4,"(16, 1)",128,16,torch.bfloat16,4,False,24.566040000000026,,89.50051762523174,0,0.043298444922987914,124.22039393939387,0.03167626307537047,57.51456565656557,64%,139%
4097,80,"(16, 1)",128,16,torch.bfloat16,1,False,72.29736000000011,223.5784076288662,59.91231666666668,0,1.2787119452266642,38.229828282828294,2.011743752620811,59.90382000000005,100%,64%
4097,80,"(16, 1)",128,16,torch.bfloat16,2,False,107.72680808080817,316.27620565656565,83.79510000000006,0,0.917817607613645,66.29677551020409,1.1690563238263518,115.3588000000001,138%,79%
4097,80,"(16, 1)",128,16,torch.bfloat16,3,False,164.36971999999997,,124.90634090909091,0,0.6181162691477411,96.82137500000005,0.8066474072202959,154.1455555555556,123%,78%
4097,80,"(16, 1)",128,16,torch.bfloat16,4,False,205.36630303030324,,205.9621979381442,0,0.37630529017163034,127.13758585858591,0.6189889246641954,708.43336,344%,62%
4097,128,"(16, 1)",128,16,torch.bfloat16,1,False,111.03515909090896,361.39111999999983,89.27712000000007,0,1.3729940210951102,64.13632653061224,1.9186285806384686,90.56285416666663,101%,72%
4097,128,"(16, 1)",128,16,torch.bfloat16,2,False,166.7717200000001,516.5072245454546,130.15879842696626,0,0.9454127621486993,130.29714432989695,0.95172817557097,182.0193673469388,140%,100%
4097,128,"(16, 1)",128,16,torch.bfloat16,3,False,259.2979800000001,,200.48454637096762,0,0.6161603402010921,190.52458333333337,0.65587933895638,244.89315999999997,122%,95%
4097,128,"(16, 1)",128,16,torch.bfloat16,4,False,325.4563838383839,,352.9149059668854,0,0.35138063413744275,251.36706060606065,0.5009200958328618,1143.3889898989903,324%,71%
512,4,"(64, 4)",128,16,torch.bfloat16,1,False,14.492440000000027,18.744646804123676,12.521967676767773,0,0.15708020722950863,9.456797979797972,0.21429641689422815,14.426183673469497,115%,76%
512,4,"(64, 4)",128,16,torch.bfloat16,2,False,18.312859999999894,24.678464646464647,15.717991515151432,0,0.1289323715698517,14.643020000000002,0.1465385700432057,17.273163265306106,110%,93%
512,4,"(64, 4)",128,16,torch.bfloat16,3,False,22.83682828282823,,18.45528087523663,0,0.11303878717651449,20.41102061855671,0.11096831186411309,21.802666666666678,118%,111%
512,4,"(64, 4)",128,16,torch.bfloat16,4,False,26.235260000000068,,21.689978762886707,0,0.09892896785983221,23.80191836734694,0.1001677996798111,56.07538000000007,259%,110%
512,80,"(64, 4)",128,16,torch.bfloat16,1,False,60.161583333333304,109.00900947368419,34.640847651775445,0,1.1356265281730646,27.09508421052629,1.4958860482714236,54.4134020618557,157%,78%
512,80,"(64, 4)",128,16,torch.bfloat16,2,False,98.55432,154.10984754764135,47.70066499999991,0,0.849697974803196,53.0948350515464,0.8082771930003638,101.01630000000002,212%,111%
512,80,"(64, 4)",128,16,torch.bfloat16,3,False,144.38661224489798,,65.19245265306131,0,0.6400012523660465,72.6987916666667,0.6231125578675508,139.06387500000002,213%,112%
512,80,"(64, 4)",128,16,torch.bfloat16,4,False,182.94551020408153,,77.65806425531925,0,0.5526192887989958,91.7156206896552,0.519908336897848,425.28544897959176,548%,118%
512,128,"(64, 4)",128,16,torch.bfloat16,1,False,91.23826262626267,172.78093583000214,48.80125477980657,0,1.289772264397952,43.26093939393938,1.4990394204132815,80.60035416666658,165%,89%
512,128,"(64, 4)",128,16,torch.bfloat16,2,False,149.45989690721643,245.71521959595964,68.76768081632659,0,0.9430280728651322,88.83522222222226,0.7729428605411137,155.0741720430108,226%,129%
512,128,"(64, 4)",128,16,torch.bfloat16,3,False,223.53748000000013,,97.01725592105257,0,0.688096169229533,122.97778,0.5893686489288958,215.99822680412362,223%,127%
512,128,"(64, 4)",128,16,torch.bfloat16,4,False,284.7318181818182,,114.67697551020403,0,0.5987649262265394,156.48592929292928,0.4875450825338024,674.2037346938775,588%,136%
4096,4,"(64, 4)",128,16,torch.bfloat16,1,False,22.024847058823564,56.42508324625561,22.32004238618526,0,0.6863066584836117,33.42997826086957,0.4600062324913631,20.58254117647054,92%,150%
4096,4,"(64, 4)",128,16,torch.bfloat16,2,False,31.70458426966293,79.44074747474757,30.197966405375094,0,0.5092395343983682,61.423374999999986,0.2523014673420593,31.811595505617937,105%,203%
4096,4,"(64, 4)",128,16,torch.bfloat16,3,False,44.926847826086934,,40.824652765957396,0,0.37814413475426256,88.67640816326531,0.1761056548704634,41.97404545454542,103%,217%
4096,4,"(64, 4)",128,16,torch.bfloat16,4,False,53.65408602150538,,48.869848571428534,0,0.31711184083066524,115.98532989690717,0.13566910776293548,173.40501010100994,355%,237%
4096,80,"(64, 4)",128,16,torch.bfloat16,1,False,260.6400000000001,812.0712965217389,190.52810278610286,0,1.6079930974248606,127.96546464646467,2.4034607141131703,196.28173333333334,103%,67%
4096,80,"(64, 4)",128,16,torch.bfloat16,2,False,367.9860816326533,1155.6374783625733,266.99628356605797,0,1.1519260228388972,247.18914285714277,1.2538744592482212,398.6752399999999,149%,93%
4096,80,"(64, 4)",128,16,torch.bfloat16,3,False,575.8785600000001,,418.97907216494826,0,0.7369152314485303,356.89142424242436,0.8751354541119281,536.8932553191488,128%,85%
4096,80,"(64, 4)",128,16,torch.bfloat16,4,False,721.8398199999999,,490.8488237009268,0,0.6314452390760531,467.67146938775494,0.6729350516636468,2598.936399999998,529%,95%
4096,128,"(64, 4)",128,16,torch.bfloat16,1,False,422.66836363636355,1291.1612447311834,297.70867276595743,0,1.6465378521846838,204.53675,2.405904793469266,308.73974683544304,104%,69%
4096,128,"(64, 4)",128,16,torch.bfloat16,2,False,581.9799999999998,1848.7623702127667,419.64322473404263,0,1.172653145007883,424.67070000000007,1.1677533781615965,636.3783125,152%,101%
4096,128,"(64, 4)",128,16,torch.bfloat16,3,False,914.2594141414143,,664.9085825000001,0,0.7429642343328262,618.1025000000004,0.8084829648753639,860.6338600000003,129%,93%
4096,128,"(64, 4)",128,16,torch.bfloat16,4,False,1152.6459599999996,,780.5987850505048,0,0.6352951785585529,811.3396868686872,0.6206278913902018,4148.207515151514,531%,104%
4097,4,"(64, 4)",128,16,torch.bfloat16,1,False,21.98604819277107,57.25209343434346,23.45021999999998,0,0.6533891365442994,35.22954347826088,0.43661433341708933,20.693045454545487,88%,150%
4097,4,"(64, 4)",128,16,torch.bfloat16,2,False,32.63764444444444,82.63389696969695,33.34089378977391,0,0.4613470694378031,65.04394623655915,0.23831476761149273,32.399035294117624,97%,195%
4097,4,"(64, 4)",128,16,torch.bfloat16,3,False,46.19057777777791,,46.969978333333245,0,0.3287488909946199,94.89552083333332,0.1646035775374976,43.413930232558094,92%,202%
4097,4,"(64, 4)",128,16,torch.bfloat16,4,False,55.40548387096787,,121.49268709677385,0,0.12758737420592978,124.82401010101005,0.12609233991333071,175.19691836734705,144%,103%
4097,80,"(64, 4)",128,16,torch.bfloat16,1,False,267.9568282828281,863.6061655687301,205.2793873517787,0,1.4928063840444903,129.86553061224487,2.3688693327371526,211.95746000000005,103%,63%
4097,80,"(64, 4)",128,16,torch.bfloat16,2,False,396.6192200000003,1241.8180958333344,299.60532473118275,0,1.026799083504294,261.27042857142857,1.186581506116543,428.92672164948476,143%,87%
4097,80,"(64, 4)",128,16,torch.bfloat16,3,False,621.3663199999996,,466.2444015151518,0,0.6623705608880249,381.66346938775524,0.8185295934404111,581.9777142857146,125%,82%
4097,80,"(64, 4)",128,16,torch.bfloat16,4,False,783.0167999999996,,783.9997387755097,0,0.39543209430427,502.22394949495,0.6267861788283694,2778.373010101007,354%,64%
4097,128,"(64, 4)",128,16,torch.bfloat16,1,False,435.64706818181844,1377.7513408597483,322.9496819477955,0,1.5182173426063972,211.4582888888889,2.3277174857582006,329.8642400000001,102%,65%
4097,128,"(64, 4)",128,16,torch.bfloat16,2,False,628.6436321839084,1987.475209131075,474.17085237113406,0,1.038054435640254,449.77997959183614,1.1028277743063066,687.1333199999997,145%,95%
4097,128,"(64, 4)",128,16,torch.bfloat16,3,False,987.5067755102044,,742.3179936082473,0,0.6656480234113221,661.1666969696972,0.7560038238122794,932.5761237113389,126%,89%
4097,128,"(64, 4)",128,16,torch.bfloat16,4,False,1249.3210107526884,,1279.6489032653062,0,0.3876296479097283,873.1944800000003,0.5768007699178886,4431.357535353535,346%,68%
512,4,"(5, 1)",128,64,torch.bfloat16,1,False,14.692736842105258,19.440619259606322,12.893751020408136,0,0.03734318820908652,,,14.014367346938826,109%,NaN
512,4,"(5, 1)",128,64,torch.bfloat16,2,False,18.004659793814394,24.209382520860736,13.04740816326533,0,0.03726030318558016,,,16.735259999999936,128%,NaN
512,4,"(5, 1)",128,64,torch.bfloat16,3,False,20.574536082474356,,13.219838383838422,0,0.0371265504593748,,,19.8193829787234,150%,NaN
512,4,"(5, 1)",128,64,torch.bfloat16,4,False,23.105033707865072,,19.10728916666664,0,0.025930607182089904,,,46.66572000000006,244%,NaN
512,80,"(5, 1)",128,64,torch.bfloat16,1,False,19.84703370786515,33.47297757575765,16.508948037071853,0,0.5833124799896137,,,17.123659999999955,104%,NaN
512,80,"(5, 1)",128,64,torch.bfloat16,2,False,25.138359550561713,42.87372,16.95732000000001,0,0.5733811521505514,,,22.615454545454515,133%,NaN
512,80,"(5, 1)",128,64,torch.bfloat16,3,False,29.899023809523907,,17.15318787878788,0,0.5722633020644553,,,28.468104166666638,166%,NaN
512,80,"(5, 1)",128,64,torch.bfloat16,4,False,36.67984615384606,,28.62309473684219,0,0.34619849058997726,,,103.0599387755102,360%,NaN
512,128,"(5, 1)",128,64,torch.bfloat16,1,False,27.393977272727316,59.96936842105267,22.420173195876206,0,0.6872293331468315,,,20.870604166666762,93%,NaN
512,128,"(5, 1)",128,64,torch.bfloat16,2,False,37.88248351648353,78.3926503030304,22.91275500000001,0,0.6789586100133721,,,36.17073684210537,158%,NaN
512,128,"(5, 1)",128,64,torch.bfloat16,3,False,50.278631578947426,,23.301765000000024,0,0.6740186375716779,,,47.344082474226866,203%,NaN
512,128,"(5, 1)",128,64,torch.bfloat16,4,False,60.9691224489795,,37.137796767676775,0,0.42691911987771186,,,182.38038383838384,491%,NaN
4096,4,"(5, 1)",128,64,torch.bfloat16,1,False,15.421919191919123,22.061276161616192,15.252460404040491,0,0.2504090341704019,,,14.737454545454595,97%,NaN
4096,4,"(5, 1)",128,64,torch.bfloat16,2,False,18.49220202020193,26.941299999999885,15.508060000000008,0,0.24658213157359157,,,17.493373737373688,113%,NaN
4096,4,"(5, 1)",128,64,torch.bfloat16,3,False,21.297199999999954,,15.56935353535344,0,0.24591047377467862,,,20.545680000000104,132%,NaN
4096,4,"(5, 1)",128,64,torch.bfloat16,4,False,23.777515151515175,,22.950365154639194,0,0.16702669832433753,,,57.540199999999984,251%,NaN
4096,80,"(5, 1)",128,64,torch.bfloat16,1,False,80.53362499999997,219.96828571428566,56.84124040816324,0,1.3438671820221437,,,52.52314583333339,92%,NaN
4096,80,"(5, 1)",128,64,torch.bfloat16,2,False,103.71323404255307,293.18920490620496,58.34935639097734,0,1.3107292789136804,,,100.19591999999999,172%,NaN
4096,80,"(5, 1)",128,64,torch.bfloat16,3,False,145.72500000000002,,59.95663224489796,0,1.2771454836241354,,,132.92363636363638,222%,NaN
4096,80,"(5, 1)",128,64,torch.bfloat16,4,False,172.8066060606059,,106.07013313131316,0,0.72279040366089,,,643.1187878787883,606%,NaN
4096,128,"(5, 1)",128,64,torch.bfloat16,1,False,122.52915999999996,352.0871057513915,84.56713131313124,0,1.4452343625017907,,,77.13635051546385,91%,NaN
4096,128,"(5, 1)",128,64,torch.bfloat16,2,False,160.7452783505156,471.0884691666664,86.61687010309285,0,1.4127540694812928,,,155.13293617021273,179%,NaN
4096,128,"(5, 1)",128,64,torch.bfloat16,3,False,231.46296969696974,,88.60578565656566,0,1.3827240109431491,,,210.19291836734678,237%,NaN
4096,128,"(5, 1)",128,64,torch.bfloat16,4,False,270.9723157894736,,160.56948583333326,0,0.7639456420448293,,,1027.4146122448979,640%,NaN
4097,4,"(5, 1)",128,64,torch.bfloat16,1,False,15.289353535353529,23.413211919191955,16.477279999999944,0,0.2318516891788393,,,14.67842000000008,89%,NaN
4097,4,"(5, 1)",128,64,torch.bfloat16,2,False,18.55532000000002,28.26290000000001,16.762689387755138,0,0.22818187019201258,,,17.425494949495015,104%,NaN
4097,4,"(5, 1)",128,64,torch.bfloat16,3,False,21.2719393939395,,16.865232121212088,0,0.2270706029596951,,,20.701454545454553,123%,NaN
4097,4,"(5, 1)",128,64,torch.bfloat16,4,False,23.796900000000047,,25.581778367347006,0,0.1498822710693964,,,57.365175257731934,224%,NaN
4097,80,"(5, 1)",128,64,torch.bfloat16,1,False,84.83740206185566,233.11452937538655,60.721247311827966,0,1.25830261076621,,,55.159835051546345,91%,NaN
4097,80,"(5, 1)",128,64,torch.bfloat16,2,False,109.94543750000004,311.55735999999996,62.06118250000008,0,1.2326358151315484,,,105.97036559139784,171%,NaN
4097,80,"(5, 1)",128,64,torch.bfloat16,3,False,155.46480851063825,,64.1047134693878,0,1.1947946475566453,,,142.25595833333327,222%,NaN
4097,80,"(5, 1)",128,64,torch.bfloat16,4,False,183.66591836734693,,112.25997959183672,0,0.6831027501755831,,,683.814626262627,609%,NaN
4097,128,"(5, 1)",128,64,torch.bfloat16,1,False,129.51428865979386,376.53432727272735,90.69569714285709,0,1.3479043690658052,,,82.12903225806446,91%,NaN
4097,128,"(5, 1)",128,64,torch.bfloat16,2,False,171.11248484848494,506.34539102040816,93.00865918367342,0,1.3159864804045063,,,166.6356767676768,179%,NaN
4097,128,"(5, 1)",128,64,torch.bfloat16,3,False,248.90177777777777,,95.53187838383833,0,1.282788025645428,,,227.28355555555558,238%,NaN
4097,128,"(5, 1)",128,64,torch.bfloat16,4,False,291.9322424242424,,175.72426468769316,0,0.6982311833155423,,,1099.7468484848475,626%,NaN
512,4,"(8, 1)",128,64,torch.bfloat16,1,False,14.798084210526318,19.549348484848476,12.888419999999968,0,0.03757541566771178,,,14.121831578947365,110%,NaN
512,4,"(8, 1)",128,64,torch.bfloat16,2,False,17.72639583333335,24.256266666666598,13.010020000000104,0,0.03779689188771183,,,16.67924489795929,128%,NaN
512,4,"(8, 1)",128,64,torch.bfloat16,3,False,20.51723711340201,,19.172181818181876,0,0.026037146148931895,,,19.642525252525175,102%,NaN
512,4,"(8, 1)",128,64,torch.bfloat16,4,False,22.829814432989654,,19.31927272727276,0,0.02622456278468516,,,46.45789473684224,240%,NaN
512,80,"(8, 1)",128,64,torch.bfloat16,1,False,19.825166666666732,33.64807999999999,16.722864151721296,0,0.5791923373965824,,,17.079240000000006,102%,NaN
512,80,"(8, 1)",128,64,torch.bfloat16,2,False,27.244139534883722,43.16257252525248,17.21182202020201,0,0.5713960077205135,,,24.644420000000018,143%,NaN
512,80,"(8, 1)",128,64,torch.bfloat16,3,False,33.78543902439025,,28.794646185566982,0,0.3467234129406387,,,32.46222448979604,113%,NaN
512,80,"(8, 1)",128,64,torch.bfloat16,4,False,41.01595294117652,,28.97283131313133,0,0.3497341872564567,,,106.57831999999999,368%,NaN
512,128,"(8, 1)",128,64,torch.bfloat16,1,False,30.03854545454542,60.32050247422677,22.429994529770667,0,0.6909144637120876,,,23.470444444444432,105%,NaN
512,128,"(8, 1)",128,64,torch.bfloat16,2,False,41.56336956521729,79.01945999999997,23.17162000000005,0,0.6790904658674313,,,39.26183333333335,169%,NaN
512,128,"(8, 1)",128,64,torch.bfloat16,3,False,55.17757894736843,,37.465897959183685,0,0.42636225661019045,,,51.900560000000034,139%,NaN
512,128,"(8, 1)",128,64,torch.bfloat16,4,False,68.08033333333323,,37.77134000000002,0,0.4292265876430711,,,188.70850505050504,500%,NaN
4096,4,"(8, 1)",128,64,torch.bfloat16,1,False,15.388859999999916,22.108027878787805,15.28161999999999,0,0.2501140485250861,,,14.729620000000018,96%,NaN
4096,4,"(8, 1)",128,64,torch.bfloat16,2,False,18.277239999999942,27.170880000000068,15.58394747474746,0,0.2457399470207664,,,17.291259999999976,111%,NaN
4096,4,"(8, 1)",128,64,torch.bfloat16,3,False,21.185300000000034,,23.0208799999999,0,0.16667690407212007,,,20.21326000000009,88%,NaN
4096,4,"(8, 1)",128,64,torch.bfloat16,4,False,23.51080808080807,,23.56628262626258,0,0.1631355971148514,,,56.55937373737372,240%,NaN
4096,80,"(8, 1)",128,64,torch.bfloat16,1,False,81.1483092783505,221.6465942857144,57.823178798292254,0,1.3220123575547202,,,52.7483469387755,91%,NaN
4096,80,"(8, 1)",128,64,torch.bfloat16,2,False,105.92416666666666,294.87058969696966,61.17788453608236,0,1.2519551651251268,,,99.99349999999998,163%,NaN
4096,80,"(8, 1)",128,64,torch.bfloat16,3,False,149.43038383838385,,106.8568886868687,0,0.7181659609535859,,,131.7572121212121,123%,NaN
4096,80,"(8, 1)",128,64,torch.bfloat16,4,False,177.60719587628853,,109.94839999999996,0,0.6993279734880536,,,643.6008865979373,585%,NaN
4096,128,"(8, 1)",128,64,torch.bfloat16,1,False,125.96518000000003,354.126831919192,85.44102969696964,0,1.431498795284761,,,80.00434343434344,94%,NaN
4096,128,"(8, 1)",128,64,torch.bfloat16,2,False,165.4091224489796,474.09512989690745,90.15029795918369,0,1.3593648876644573,,,155.95888659793818,173%,NaN
4096,128,"(8, 1)",128,64,torch.bfloat16,3,False,236.30263917525767,,162.0357,0,0.7577686166524085,,,207.85737499999993,128%,NaN
4096,128,"(8, 1)",128,64,torch.bfloat16,4,False,278.04288,,165.1377193304287,0,0.7449781147228034,,,1029.7999600000005,624%,NaN
4097,4,"(8, 1)",128,64,torch.bfloat16,1,False,15.443717171717196,23.346121632653098,16.58392467915002,0,0.23052921686282551,,,14.770141414141484,89%,NaN
4097,4,"(8, 1)",128,64,torch.bfloat16,2,False,18.29569999999991,28.06275494949491,16.474189696969717,0,0.2325170354265166,,,17.352020202020253,105%,NaN
4097,4,"(8, 1)",128,64,torch.bfloat16,3,False,21.148285714285617,,25.649360000000065,0,0.14963259629052642,,,20.267240000000037,79%,NaN
4097,4,"(8, 1)",128,64,torch.bfloat16,4,False,23.67326000000009,,26.601239999999997,0,0.14455833301708157,,,57.01472727272726,214%,NaN
4097,80,"(8, 1)",128,64,torch.bfloat16,1,False,85.80370833333335,234.20727726242015,61.47599010513301,0,1.24376334964545,,,55.42444444444437,90%,NaN
4097,80,"(8, 1)",128,64,torch.bfloat16,2,False,111.68822471910117,313.30134,64.49195814432996,0,1.187909271050793,,,104.6557659574468,162%,NaN
4097,80,"(8, 1)",128,64,torch.bfloat16,3,False,158.77787878787882,,113.94326210526305,0,0.6736651661674885,,,140.7131020408164,123%,NaN
4097,80,"(8, 1)",128,64,torch.bfloat16,4,False,188.81497999999988,,116.57915814432988,0,0.659711559389802,,,683.6180816326531,586%,NaN
4097,128,"(8, 1)",128,64,torch.bfloat16,1,False,134.38953535353528,378.5111270707072,91.47224242424245,0,1.3374388793716336,,,84.86765306122444,93%,NaN
4097,128,"(8, 1)",128,64,torch.bfloat16,2,False,175.12057142857137,508.67476000000005,95.8816853608248,0,1.278418829615954,,,165.05649999999994,172%,NaN
4097,128,"(8, 1)",128,64,torch.bfloat16,3,False,253.70693877551008,,175.8657666666667,0,0.6983472274764807,,,224.28236734693868,128%,NaN
4097,128,"(8, 1)",128,64,torch.bfloat16,4,False,299.1088484848484,,181.3193845454546,0,0.6786576595065918,,,1102.2207878787883,608%,NaN
512,4,"(10, 1)",128,64,torch.bfloat16,1,False,14.913551020408203,19.560016666666613,13.067872809729963,0,0.03720195253104286,,,14.219749999999925,109%,NaN
512,4,"(10, 1)",128,64,torch.bfloat16,2,False,18.014250000000043,25.105792778649956,19.07460000000005,0,0.025975045856554434,,,16.790979166666677,88%,NaN
512,4,"(10, 1)",128,64,torch.bfloat16,3,False,20.816425531914945,,19.40277877551019,0,0.02601569812663683,,,19.89538144329894,103%,NaN
512,4,"(10, 1)",128,64,torch.bfloat16,4,False,23.282294736842093,,19.419678350515444,0,0.026472635226427368,,,47.02409999999999,242%,NaN
512,80,"(10, 1)",128,64,torch.bfloat16,1,False,21.862094117647082,33.92040571428571,16.887571717171696,0,0.5757493049814262,,,19.020879999999973,113%,NaN
512,80,"(10, 1)",128,64,torch.bfloat16,2,False,28.906426966292027,44.055328282828306,28.604594838709644,0,0.3464223929680976,,,26.285896907216397,92%,NaN
512,80,"(10, 1)",128,64,torch.bfloat16,3,False,36.144530120481875,,29.055740000000014,0,0.3474541246869562,,,35.07091999999986,121%,NaN
512,80,"(10, 1)",128,64,torch.bfloat16,4,False,44.35993181818194,,26.422601818181764,0,0.3891290227399116,,,109.50958333333337,414%,NaN
512,128,"(10, 1)",128,64,torch.bfloat16,1,False,32.19854945054939,60.627741414141354,22.750953191489383,0,0.6837872749963022,,,25.246459999999942,111%,NaN
512,128,"(10, 1)",128,64,torch.bfloat16,2,False,44.10352688172042,79.79329755102036,36.82159595959599,0,0.4305852339385635,,,41.93479166666673,114%,NaN
512,128,"(10, 1)",128,64,torch.bfloat16,3,False,59.64510869565219,,37.76932000000002,0,0.4276714204579497,,,56.63571428571423,150%,NaN
512,128,"(10, 1)",128,64,torch.bfloat16,4,False,73.85760439560443,,40.486606060606036,0,0.406328995159086,,,193.8628484848484,479%,NaN
4096,4,"(10, 1)",128,64,torch.bfloat16,1,False,15.549659999999996,22.09315111111107,15.307272525252461,0,0.24981658130556378,,,14.818439999999999,97%,NaN
4096,4,"(10, 1)",128,64,torch.bfloat16,2,False,18.75723999999994,28.638079999999967,22.917259999999935,0,0.1672679769360438,,,17.531219999999962,76%,NaN
4096,4,"(10, 1)",128,64,torch.bfloat16,3,False,21.604101010101,,23.24528489795914,0,0.16530823174384213,,,20.503387755102075,88%,NaN
4096,4,"(10, 1)",128,64,torch.bfloat16,4,False,24.12447999999993,,23.32492783505154,0,0.1651430690739844,,,57.67206122448976,247%,NaN
4096,80,"(10, 1)",128,64,torch.bfloat16,1,False,83.42436734693882,222.25721737373735,58.51318686868694,0,1.3070593813161648,,,55.190189473684235,94%,NaN
4096,80,"(10, 1)",128,64,torch.bfloat16,2,False,110.16708333333332,296.9228082474226,106.75024408163263,0,0.7181854711612538,,,103.72336363636367,97%,NaN
4096,80,"(10, 1)",128,64,torch.bfloat16,3,False,156.05868686868695,,109.5024825,0,0.7018355849354307,,,138.22966666666662,126%,NaN
4096,80,"(10, 1)",128,64,torch.bfloat16,4,False,186.58578,,119.07335230769226,0,0.6469877758469353,,,651.0302127659575,547%,NaN
4096,128,"(10, 1)",128,64,torch.bfloat16,1,False,128.85040963855417,356.4071000000004,86.89103010101006,0,1.4082965247577894,,,82.43869473684207,95%,NaN
4096,128,"(10, 1)",128,64,torch.bfloat16,2,False,171.41131958762892,477.0094773109247,160.87276323232314,0,0.7625054514082426,,,162.21169999999998,101%,NaN
4096,128,"(10, 1)",128,64,torch.bfloat16,3,False,247.42877999999996,,164.63693422680413,0,0.7468821182143424,,,218.3174489795917,133%,NaN
4096,128,"(10, 1)",128,64,torch.bfloat16,4,False,286.74068686868696,,182.75255999999996,0,0.674477038217729,,,1043.991836734694,571%,NaN
4097,4,"(10, 1)",128,64,torch.bfloat16,1,False,15.622419999999956,23.576498453927016,16.696500000000025,0,0.2290864441018036,,,15.023151515151506,90%,NaN
4097,4,"(10, 1)",128,64,torch.bfloat16,2,False,18.750920000000107,31.312459999999916,25.59647999999998,0,0.14979618446332962,,,17.448265306122508,68%,NaN
4097,4,"(10, 1)",128,64,torch.bfloat16,3,False,21.52968,,25.857700000000058,0,0.14864308370187876,,,20.555232323232218,79%,NaN
4097,4,"(10, 1)",128,64,torch.bfloat16,4,False,24.17270707070712,,28.129150690579245,0,0.1369711276947514,,,57.70819999999994,205%,NaN
4097,80,"(10, 1)",128,64,torch.bfloat16,1,False,89.08193814432984,235.3167746938775,62.298945263157925,0,1.2279314835231236,,,58.49208421052632,94%,NaN
4097,80,"(10, 1)",128,64,torch.bfloat16,2,False,117.17224489795916,316.7785918367348,112.48761117078405,0,0.6817204134365651,,,110.83182608695658,99%,NaN
4097,80,"(10, 1)",128,64,torch.bfloat16,3,False,166.47171999999998,,115.21634000000009,0,0.6671915225632191,,,148.20048484848476,129%,NaN
4097,80,"(10, 1)",128,64,torch.bfloat16,4,False,196.6031546391752,,129.59803550561793,0,0.5945894899027564,,,694.0425858585855,536%,NaN
4097,128,"(10, 1)",128,64,torch.bfloat16,1,False,136.71319999999994,380.69724,92.94625999999991,0,1.3168699638507753,,,88.01637113402056,95%,NaN
4097,128,"(10, 1)",128,64,torch.bfloat16,2,False,182.93615999999992,519.8526734693878,175.8035587719298,0,0.6979162545242641,,,174.53254,99%,NaN
4097,128,"(10, 1)",128,64,torch.bfloat16,3,False,266.80085714285747,,179.6361806239737,0,0.6846849229748325,,,236.00671999999997,131%,NaN
4097,128,"(10, 1)",128,64,torch.bfloat16,4,False,309.2462653061224,,205.73995691609971,0,0.5992623385654433,,,1120.2658947368425,545%,NaN
512,4,"(16, 1)",128,64,torch.bfloat16,1,False,14.929216494845274,19.152908888888838,12.978888979591801,0,0.03788755109703067,,,14.258479166666726,110%,NaN
512,4,"(16, 1)",128,64,torch.bfloat16,2,False,18.002525252525267,25.00440907029476,19.288844040403994,0,0.02626593276038583,,,16.907857142857164,88%,NaN
512,4,"(16, 1)",128,64,torch.bfloat16,3,False,20.90379591836742,,19.5826458462173,0,0.026632797522884874,,,19.721714285714356,101%,NaN
512,4,"(16, 1)",128,64,torch.bfloat16,4,False,23.592270833333384,,24.304775102040757,0,0.022071457181822393,,,46.940424242424285,193%,NaN
512,80,"(16, 1)",128,64,torch.bfloat16,1,False,24.030172839506175,33.3279498969072,16.971777777777746,0,0.5794776785739412,,,21.222060000000056,125%,NaN
512,80,"(16, 1)",128,64,torch.bfloat16,2,False,33.484404494382,44.64690666666669,29.041591428571436,0,0.34890614161893535,,,31.227191919191977,108%,NaN
512,80,"(16, 1)",128,64,torch.bfloat16,3,False,43.169253012048095,,27.287699999999962,0,0.38225328025789534,,,42.14397979797974,154%,NaN
512,80,"(16, 1)",128,64,torch.bfloat16,4,False,53.92215053763441,,36.77499102040827,0,0.29174272411423147,,,118.12408163265306,321%,NaN
512,128,"(16, 1)",128,64,torch.bfloat16,1,False,35.383186813186924,59.57576842105264,23.029426637509072,0,0.6832834559186894,,,28.65846000000001,124%,NaN
512,128,"(16, 1)",128,64,torch.bfloat16,2,False,51.69387234042549,81.7137061224489,37.45244444444434,0,0.43288131440806904,,,49.15022916666667,131%,NaN
512,128,"(16, 1)",128,64,torch.bfloat16,3,False,70.72248936170219,,40.9596973819831,0,0.4074566367389833,,,67.13953191489371,164%,NaN
512,128,"(16, 1)",128,64,torch.bfloat16,4,False,89.09955319148948,,53.35336020618561,0,0.3217442655715302,,,207.40823999999992,389%,NaN
4096,4,"(16, 1)",128,64,torch.bfloat16,1,False,15.647680000000058,21.929578367346963,15.535591515151447,0,0.24650483524131941,,,14.901070707070582,96%,NaN
4096,4,"(16, 1)",128,64,torch.bfloat16,2,False,18.665639999999993,29.027381414141423,23.648099999999896,0,0.1625711828016928,,,17.954080000000012,76%,NaN
4096,4,"(16, 1)",128,64,torch.bfloat16,3,False,23.448545454545492,,24.590929090909036,0,0.15694408027199408,,,20.588900000000017,84%,NaN
4096,4,"(16, 1)",128,64,torch.bfloat16,4,False,27.747680000000017,,31.21374,0,0.12412168200287406,,,56.50648484848491,181%,NaN
4096,80,"(16, 1)",128,64,torch.bfloat16,1,False,86.49111111111121,219.41849711340203,61.16143148936182,0,1.2522919537895227,,,58.779191919192016,96%,NaN
4096,80,"(16, 1)",128,64,torch.bfloat16,2,False,117.53099999999993,302.2271326582279,109.98959999999997,0,0.6990660186077039,,,109.62581818181822,100%,NaN
4096,80,"(16, 1)",128,64,torch.bfloat16,3,False,167.12094949494943,,121.79682089887636,0,0.6337440863765841,,,144.8880400000001,119%,NaN
4096,80,"(16, 1)",128,64,torch.bfloat16,4,False,201.45104000000003,,156.36569008769013,0,0.49554373574249894,,,661.1898571428575,423%,NaN
4096,128,"(16, 1)",128,64,torch.bfloat16,1,False,134.58282105263163,351.2954399999998,90.02459353535349,0,1.361263015423421,,,87.90779797979793,98%,NaN
4096,128,"(16, 1)",128,64,torch.bfloat16,2,False,182.24976000000004,486.4446792929289,165.16902181818185,0,0.7448369280277697,,,170.92381632653058,103%,NaN
4096,128,"(16, 1)",128,64,torch.bfloat16,3,False,264.52731313131306,,190.02969718928412,0,0.6499027562602128,,,228.46802061855672,120%,NaN
4096,128,"(16, 1)",128,64,torch.bfloat16,4,False,310.58618,,246.4211583426652,0,0.5031128900076559,,,1059.53126,430%,NaN
4097,4,"(16, 1)",128,64,torch.bfloat16,1,False,15.71006,22.952073608247396,16.479696969696857,0,0.2324393316477302,,,15.04163999999995,91%,NaN
4097,4,"(16, 1)",128,64,torch.bfloat16,2,False,18.683717171717078,32.05606762886597,26.694839999999896,0,0.1440514687702689,,,17.694879999999976,66%,NaN
4097,4,"(16, 1)",128,64,torch.bfloat16,3,False,21.854820000000085,,30.652078231292556,0,0.1259403046883837,,,20.68650000000002,67%,NaN
4097,4,"(16, 1)",128,64,torch.bfloat16,4,False,24.812919999999984,,92.88870000000014,0,0.04171910289383961,,,57.721443298969106,62%,NaN
4097,80,"(16, 1)",128,64,torch.bfloat16,1,False,91.54870000000003,231.56204061855675,64.23994042553184,0,1.1925695210859935,,,61.224104166666585,95%,NaN
4097,80,"(16, 1)",128,64,torch.bfloat16,2,False,124.44808080808077,322.21921648152943,117.56424000000004,0,0.6541837740093941,,,116.63629166666658,99%,NaN
4097,80,"(16, 1)",128,64,torch.bfloat16,3,False,178.8946391752578,,134.61669199583002,0,0.5735294805640802,,,155.7136363636363,116%,NaN
4097,80,"(16, 1)",128,64,torch.bfloat16,4,False,212.83341414141412,,231.02263551020414,0,0.33548515489979674,,,704.944404040404,305%,NaN
4097,128,"(16, 1)",128,64,torch.bfloat16,1,False,143.00875268817217,374.94887714285704,95.84197979797977,0,1.2789484549355539,,,93.19305050505054,97%,NaN
4097,128,"(16, 1)",128,64,torch.bfloat16,2,False,194.67859999999985,527.4715506976746,181.7586984536082,0,0.6770173322417468,,,183.83290909090914,101%,NaN
4097,128,"(16, 1)",128,64,torch.bfloat16,3,False,286.57845999999995,,212.6290946704066,0,0.5809676539726614,,,247.75956000000005,117%,NaN
4097,128,"(16, 1)",128,64,torch.bfloat16,4,False,334.29400000000015,,391.52487670103085,0,0.3167294617396496,,,1138.9319200000004,291%,NaN
512,4,"(64, 4)",128,64,torch.bfloat16,1,False,15.324440000000006,19.560330438558374,13.268977777777827,0,0.14823698633982477,,,14.868419999999947,112%,NaN
512,4,"(64, 4)",128,64,torch.bfloat16,2,False,18.219052631579075,25.549551111111118,19.913679999999985,0,0.1017671230211233,,,17.470767676767693,88%,NaN
512,4,"(64, 4)",128,64,torch.bfloat16,3,False,23.003292929292847,,19.7998462626263,0,0.1053625639041683,,,21.956444444444458,111%,NaN
512,4,"(64, 4)",128,64,torch.bfloat16,4,False,26.290585858585867,,24.84809999999995,0,0.08635538378846136,,,55.88098000000005,225%,NaN
512,80,"(64, 4)",128,64,torch.bfloat16,1,False,68.64602061855675,114.5500340136054,36.788798418972306,0,1.0693218382329743,,,54.11377528089886,147%,NaN
512,80,"(64, 4)",128,64,torch.bfloat16,2,False,104.70354347826105,159.11913152139962,63.867459595959566,0,0.6346135998468575,,,100.83009638554216,158%,NaN
512,80,"(64, 4)",128,64,torch.bfloat16,3,False,149.53258585858583,,70.0108975510204,0,0.5959536701035384,,,139.46282000000002,199%,NaN
512,80,"(64, 4)",128,64,torch.bfloat16,4,False,188.02110416666665,,91.48378956521735,0,0.4691032634550799,,,421.8174949494948,461%,NaN
512,128,"(64, 4)",128,64,torch.bfloat16,1,False,104.97467346938772,183.55723878787867,52.53958742059785,0,1.1980015065389766,,,81.3764468085106,155%,NaN
512,128,"(64, 4)",128,64,torch.bfloat16,2,False,161.70047999999994,255.7280606060606,93.93704000000017,0,0.6903544492739485,,,156.68373737373744,167%,NaN
512,128,"(64, 4)",128,64,torch.bfloat16,3,False,234.74814285714277,,104.39784436198721,0,0.6394500054710398,,,217.8374489795919,209%,NaN
512,128,"(64, 4)",128,64,torch.bfloat16,4,False,293.062612244898,,135.25950359550563,0,0.5076504715453618,,,672.682101010101,497%,NaN
4096,4,"(64, 4)",128,64,torch.bfloat16,1,False,27.767935483870943,59.40190666666662,24.40681999999993,0,0.6276275937330399,,,21.047021276595892,86%,NaN
4096,4,"(64, 4)",128,64,torch.bfloat16,2,False,35.09448888888887,81.57244943820218,39.28599600399596,0,0.3914371510521615,,,32.1171685393259,82%,NaN
4096,4,"(64, 4)",128,64,torch.bfloat16,3,False,46.377115789473635,,44.640669473684234,0,0.3458192535828045,,,42.65950000000001,96%,NaN
4096,4,"(64, 4)",128,64,torch.bfloat16,4,False,55.27991489361709,,56.56810439560438,0,0.2739566369985304,,,172.34133999999995,305%,NaN
4096,80,"(64, 4)",128,64,torch.bfloat16,1,False,318.63894949494943,843.508221538462,202.65194662480377,0,1.511793393787265,,,200.8842828282829,99%,NaN
4096,80,"(64, 4)",128,64,torch.bfloat16,2,False,435.94278787878784,1183.1740502901357,384.6846865497075,0,0.7995118542398069,,,403.3777319587626,105%,NaN
4096,80,"(64, 4)",128,64,torch.bfloat16,3,False,641.5122040816323,,448.05227052631597,0,0.6890983044764842,,,544.3319183673465,121%,NaN
4096,80,"(64, 4)",128,64,torch.bfloat16,4,False,753.1048163265299,,577.4558931583881,0,0.5367408255837435,,,2586.481918367347,448%,NaN
4096,128,"(64, 4)",128,64,torch.bfloat16,1,False,502.0791600000004,1375.6315720430105,320.17528986501935,0,1.5310007178863423,,,317.2091555555554,99%,NaN
4096,128,"(64, 4)",128,64,torch.bfloat16,2,False,690.6913400000008,1920.1793292929308,610.5387941666664,0,0.8060027503040066,,,648.0119999999998,106%,NaN
4096,128,"(64, 4)",128,64,torch.bfloat16,3,False,1027.2755600000007,,704.8252877225868,0,0.700887588035679,,,876.5171000000003,124%,NaN
4096,128,"(64, 4)",128,64,torch.bfloat16,4,False,1206.79812,,921.1633448129251,0,0.5383525596450672,,,4146.880707070703,450%,NaN
4097,4,"(64, 4)",128,64,torch.bfloat16,1,False,27.78148936170205,60.248343017806874,25.17913131313131,0,0.6085245279920807,,,20.766619047619017,82%,NaN
4097,4,"(64, 4)",128,64,torch.bfloat16,2,False,35.355318181818184,84.68869846365499,42.11313043478265,0,0.3652476907687907,,,32.89629545454554,78%,NaN
4097,4,"(64, 4)",128,64,torch.bfloat16,3,False,47.733247311827945,,50.79567485380113,0,0.30398903708962394,,,44.03137078651678,87%,NaN
4097,4,"(64, 4)",128,64,torch.bfloat16,4,False,57.223,,127.61264205457515,0,0.1214686310253717,,,173.58614,136%,NaN
4097,80,"(64, 4)",128,64,torch.bfloat16,1,False,339.2382200000003,895.8070321739134,218.19602371541507,0,1.4044361337728057,,,215.61908333333326,99%,NaN
4097,80,"(64, 4)",128,64,torch.bfloat16,2,False,468.0552121212127,1269.538832631579,422.4475833333335,0,0.7282192749680022,,,434.67053999999973,103%,NaN
4097,80,"(64, 4)",128,64,torch.bfloat16,3,False,692.0091020408161,,496.81217404255335,0,0.621616340899168,,,588.2414845360825,118%,NaN
4097,80,"(64, 4)",128,64,torch.bfloat16,4,False,810.1870204081629,,875.6017709090908,0,0.35406353543132346,,,2762.4509898989904,315%,NaN
4097,128,"(64, 4)",128,64,torch.bfloat16,1,False,535.80204,1461.1877673684216,347.7693989258861,0,1.4098647248340956,,,340.5892653061225,98%,NaN
4097,128,"(64, 4)",128,64,torch.bfloat16,2,False,743.3710800000007,2060.236876170214,672.4165898969069,0,0.7320092394368807,,,698.913759999999,104%,NaN
4097,128,"(64, 4)",128,64,torch.bfloat16,3,False,1110.3129090909088,,784.9632323232325,0,0.6294849043127133,,,948.7241836734693,121%,NaN
4097,128,"(64, 4)",128,64,torch.bfloat16,4,False,1296.9716,,1430.7024199999998,0,0.34670372181295445,,,4424.2164600000015,309%,NaN
512,4,"(5, 1)",128,1024,torch.bfloat16,1,False,16.097814432989814,20.373358385988183,12.353380206185664,0,0.03897668193156604,,,14.743553191489381,119%,NaN
512,4,"(5, 1)",128,1024,torch.bfloat16,2,False,18.674795918367405,26.318173006662242,12.624356842105243,0,0.03850892287263714,,,17.45179166666669,138%,NaN
512,4,"(5, 1)",128,1024,torch.bfloat16,3,False,21.703098901098965,,12.71456565656569,0,0.038601947567820274,,,20.20336734693878,159%,NaN
512,4,"(5, 1)",128,1024,torch.bfloat16,4,False,23.98395833333328,,14.858165454545432,0,0.033346217015227914,,,47.46265306122453,319%,NaN
512,80,"(5, 1)",128,1024,torch.bfloat16,1,False,21.674152173913033,35.76854000000009,16.46759999999994,0,0.5847771030097938,,,18.75285999999997,114%,NaN
512,80,"(5, 1)",128,1024,torch.bfloat16,2,False,27.50191011235949,47.19861224489789,16.470857731958834,0,0.590315807301267,,,24.02230303030302,146%,NaN
512,80,"(5, 1)",128,1024,torch.bfloat16,3,False,31.77675555555555,,16.81722350515475,0,0.5836956340289071,,,30.076020408163235,179%,NaN
512,80,"(5, 1)",128,1024,torch.bfloat16,4,False,38.54919148936167,,19.918791428571403,0,0.4974836063444535,,,102.85220408163265,516%,NaN
512,128,"(5, 1)",128,1024,torch.bfloat16,1,False,28.942555555555614,64.80848979591852,22.02112316874669,0,0.6996827798641023,,,24.020727272727164,109%,NaN
512,128,"(5, 1)",128,1024,torch.bfloat16,2,False,40.469505376344124,87.81067999999998,22.737911421911498,0,0.6841794744342945,,,38.57930000000004,170%,NaN
512,128,"(5, 1)",128,1024,torch.bfloat16,3,False,53.49339130434788,,23.170161616161536,0,0.6778469722610988,,,49.68059183673468,214%,NaN
512,128,"(5, 1)",128,1024,torch.bfloat16,4,False,63.667063829787104,,27.412743232323123,0,0.5783746404321559,,,183.9897799999999,671%,NaN
4096,4,"(5, 1)",128,1024,torch.bfloat16,1,False,16.719660000000005,22.99531999999999,14.76385434343429,0,0.2586962584195774,,,15.433938775510281,105%,NaN
4096,4,"(5, 1)",128,1024,torch.bfloat16,2,False,19.101239999999965,28.470501509944892,15.076904897959224,0,0.2536336547356456,,,18.010099999999994,119%,NaN
4096,4,"(5, 1)",128,1024,torch.bfloat16,3,False,22.533414141414106,,15.161943030302998,0,0.2525182357295613,,,20.82002000000002,137%,NaN
4096,4,"(5, 1)",128,1024,torch.bfloat16,4,False,25.48446000000001,,18.35768571428578,0,0.2088130158004749,,,58.47290000000002,319%,NaN
4096,80,"(5, 1)",128,1024,torch.bfloat16,1,False,87.50088888888898,240.280537979798,55.202861237113424,0,1.3837521436045737,,,63.14187755102033,114%,NaN
4096,80,"(5, 1)",128,1024,torch.bfloat16,2,False,108.86163265306118,324.7042199999999,57.36368185567005,0,1.3332514119273444,,,110.45084848484852,193%,NaN
4096,80,"(5, 1)",128,1024,torch.bfloat16,3,False,152.28173469387752,,59.81138922785617,0,1.2802468405001008,,,141.85203999999987,237%,NaN
4096,80,"(5, 1)",128,1024,torch.bfloat16,4,False,182.6951111111112,,79.78488464646465,0,0.9609147732940082,,,657.9706734693882,825%,NaN
4096,128,"(5, 1)",128,1024,torch.bfloat16,1,False,131.33719999999997,386.65724731854624,80.80563945578238,0,1.512509831430986,,,92.6931546391753,115%,NaN
4096,128,"(5, 1)",128,1024,torch.bfloat16,2,False,167.5193608247422,523.9815715151517,83.99945999999997,0,1.4567752664585818,,,173.93286315789473,207%,NaN
4096,128,"(5, 1)",128,1024,torch.bfloat16,3,False,238.6301030927835,,87.4883093877551,0,1.4003853565487117,,,225.2468571428572,257%,NaN
4096,128,"(5, 1)",128,1024,torch.bfloat16,4,False,287.502303030303,,121.24395999999999,0,1.0117317097507694,,,1052.9012244897951,868%,NaN
4097,4,"(5, 1)",128,1024,torch.bfloat16,1,False,16.870808080808107,24.543486464646485,16.24361938144329,0,0.23518682082867481,,,15.620400000000076,96%,NaN
4097,4,"(5, 1)",128,1024,torch.bfloat16,2,False,19.213320000000007,29.86129587628866,16.454517171717242,0,0.2324554269219306,,,18.00119999999996,109%,NaN
4097,4,"(5, 1)",128,1024,torch.bfloat16,3,False,22.44694949494953,,16.529459793814535,0,0.23168321739418946,,,20.943599999999996,127%,NaN
4097,4,"(5, 1)",128,1024,torch.bfloat16,4,False,25.48325999999997,,21.164740259740192,0,0.18116239522133362,,,58.65960824742272,277%,NaN
4097,80,"(5, 1)",128,1024,torch.bfloat16,1,False,91.5733673469388,256.1274131958763,58.984546315789444,0,1.2953512198329982,,,66.61674226804134,113%,NaN
4097,80,"(5, 1)",128,1024,torch.bfloat16,2,False,115.74612244897966,345.2522370092679,60.4550296846011,0,1.2653841488130295,,,117.71921276595737,195%,NaN
4097,80,"(5, 1)",128,1024,torch.bfloat16,3,False,162.99123232323234,,63.61899416666673,0,1.2039166846260423,,,152.10321649484527,239%,NaN
4097,80,"(5, 1)",128,1024,torch.bfloat16,4,False,195.5802708333333,,86.21548331466981,0,0.8894585733974572,,,698.5001400000006,810%,NaN
4097,128,"(5, 1)",128,1024,torch.bfloat16,1,False,139.13069387755093,416.54008000000005,86.51961191919196,0,1.4129643409462473,,,99.36032653061227,115%,NaN
4097,128,"(5, 1)",128,1024,torch.bfloat16,2,False,179.75490909090922,565.1853600000002,89.99947526881735,0,1.3599872408219766,,,187.33837113402058,208%,NaN
4097,128,"(5, 1)",128,1024,torch.bfloat16,3,False,254.96686868686885,,94.33830282828274,0,1.2990179596644529,,,242.8455599999999,257%,NaN
4097,128,"(5, 1)",128,1024,torch.bfloat16,4,False,309.000206185567,,137.8543261183261,0,0.8900421533730204,,,1129.3822799999994,819%,NaN
512,4,"(8, 1)",128,1024,torch.bfloat16,1,False,16.034795918367386,20.440417091836718,12.438942857142806,0,0.03893319105666255,,,14.870382978723482,120%,NaN
512,4,"(8, 1)",128,1024,torch.bfloat16,2,False,18.468363636363655,26.392324720893157,12.456922105263086,0,0.03947510590832158,,,17.301829787234094,139%,NaN
512,4,"(8, 1)",128,1024,torch.bfloat16,3,False,21.67929896907209,,15.099869999999903,0,0.033059152164482186,,,20.093846153846087,133%,NaN
512,4,"(8, 1)",128,1024,torch.bfloat16,4,False,23.979525773195906,,15.18734285714282,0,0.03335932330997193,,,47.45904081632644,312%,NaN
512,80,"(8, 1)",128,1024,torch.bfloat16,1,False,21.23622988505753,35.857016969696936,16.267219999999934,0,0.5954154905387038,,,18.44604000000001,113%,NaN
512,80,"(8, 1)",128,1024,torch.bfloat16,2,False,30.005142857142896,47.60230067415735,16.643700000000102,0,0.5909002438123369,,,26.382163265306083,159%,NaN
512,80,"(8, 1)",128,1024,torch.bfloat16,3,False,36.29743529411766,,20.154464646464586,0,0.4953630957212868,,,34.01296907216489,169%,NaN
512,80,"(8, 1)",128,1024,torch.bfloat16,4,False,42.811858585858566,,20.544268571428532,0,0.493217345586513,,,106.77441237113408,520%,NaN
512,128,"(8, 1)",128,1024,torch.bfloat16,1,False,31.63900000000003,65.35900000000008,22.104060000000004,0,0.7011023152127508,,,26.77107070707061,121%,NaN
512,128,"(8, 1)",128,1024,torch.bfloat16,2,False,44.33877894736844,88.40625999999997,22.891670103092864,0,0.6873952905068775,,,41.45010638297865,181%,NaN
512,128,"(8, 1)",128,1024,torch.bfloat16,3,False,59.26247422680416,,28.438121624407366,0,0.5617123736504019,,,54.26176344086023,191%,NaN
512,128,"(8, 1)",128,1024,torch.bfloat16,4,False,70.61156989247311,,28.97661793814425,0,0.5595015751498204,,,191.20714285714274,660%,NaN
4096,4,"(8, 1)",128,1024,torch.bfloat16,1,False,16.83519191919186,23.215050505050463,14.933260000000056,0,0.25594865730737354,,,15.544959183673395,104%,NaN
4096,4,"(8, 1)",128,1024,torch.bfloat16,2,False,19.138857142857102,28.83043636363633,15.274039999999967,0,0.2507259655480053,,,18.09770000000003,118%,NaN
4096,4,"(8, 1)",128,1024,torch.bfloat16,3,False,22.988460000000014,,18.583433939393913,0,0.2064768556731509,,,20.894140000000053,112%,NaN
4096,4,"(8, 1)",128,1024,torch.bfloat16,4,False,25.290585858585814,,19.073698350515443,0,0.20156025944013115,,,59.274199999999965,311%,NaN
4096,80,"(8, 1)",128,1024,torch.bfloat16,1,False,87.66642857142864,242.37677232323242,56.4573469387755,0,1.3539948486657745,,,64.30514285714288,114%,NaN
4096,80,"(8, 1)",128,1024,torch.bfloat16,2,False,110.6354489795918,326.84999999999997,59.91064408163258,0,1.2784367404232018,,,109.86402040816327,183%,NaN
4096,80,"(8, 1)",128,1024,torch.bfloat16,3,False,156.7348163265306,,81.16970536082478,0,0.9454386930096359,,,140.57230612244894,173%,NaN
4096,80,"(8, 1)",128,1024,torch.bfloat16,4,False,187.8151515151516,,83.47462626262616,0,0.9211181313749663,,,658.1568080808079,788%,NaN
4096,128,"(8, 1)",128,1024,torch.bfloat16,1,False,135.31676288659796,389.44000000000005,82.3164285407264,0,1.4858362206347273,,,97.95951999999994,119%,NaN
4096,128,"(8, 1)",128,1024,torch.bfloat16,2,False,172.27569696969698,528.86564,87.85188938775514,0,1.3949290164644292,,,174.70312500000009,199%,NaN
4096,128,"(8, 1)",128,1024,torch.bfloat16,3,False,245.78077551020417,,123.80150571428572,0,0.9917938197025996,,,222.637469387755,180%,NaN
4096,128,"(8, 1)",128,1024,torch.bfloat16,4,False,295.09851999999995,,125.80739868421067,0,0.9778756106801708,,,1054.342742268041,838%,NaN
4097,4,"(8, 1)",128,1024,torch.bfloat16,1,False,16.95482828282828,24.58545166666662,16.3456600000001,0,0.23388955654262447,,,15.507240000000076,95%,NaN
4097,4,"(8, 1)",128,1024,torch.bfloat16,2,False,19.145897959183696,29.614375555555615,16.163673469387906,0,0.236983861165473,,,17.922141414141382,111%,NaN
4097,4,"(8, 1)",128,1024,torch.bfloat16,3,False,22.85808,,21.16693795918368,0,0.181319581386367,,,20.672039999999985,98%,NaN
4097,4,"(8, 1)",128,1024,torch.bfloat16,4,False,24.684459999999998,,22.16047999999991,0,0.17352651705140526,,,58.309292929292866,263%,NaN
4097,80,"(8, 1)",128,1024,torch.bfloat16,1,False,92.66438775510208,257.53716326530605,59.66251299677759,0,1.281568266828796,,,67.76236734693882,114%,NaN
4097,80,"(8, 1)",128,1024,torch.bfloat16,2,False,117.64676000000004,348.0234139393938,63.3923866666666,0,1.2085141294759474,,,117.21101052631573,185%,NaN
4097,80,"(8, 1)",128,1024,torch.bfloat16,3,False,167.76093877551028,,87.37821591836735,0,0.8784753246909962,,,150.63886000000008,172%,NaN
4097,80,"(8, 1)",128,1024,torch.bfloat16,4,False,200.6592323232322,,89.96829474747477,0,0.8548413463611287,,,700.3165600000009,778%,NaN
4097,128,"(8, 1)",128,1024,torch.bfloat16,1,False,143.4069292929292,418.4805454545457,87.54975757575758,0,1.3973600474636223,,,102.97232000000011,118%,NaN
4097,128,"(8, 1)",128,1024,torch.bfloat16,2,False,184.04471428571412,569.1419546391752,93.47192000000004,0,1.3113772775887211,,,186.6435051546391,200%,NaN
4097,128,"(8, 1)",128,1024,torch.bfloat16,3,False,263.30682,,138.1184614035088,0,0.889203147151278,,,239.41393999999994,173%,NaN
4097,128,"(8, 1)",128,1024,torch.bfloat16,4,False,316.8326736842103,,143.1278872727272,0,0.8597471218471735,,,1132.0375957446815,791%,NaN
512,4,"(10, 1)",128,1024,torch.bfloat16,1,False,16.13981818181822,20.621526881720374,12.584634546602073,0,0.03863047291115364,8.13275757575757,0.060921969587822346,14.991569892473088,119%,65%
512,4,"(10, 1)",128,1024,torch.bfloat16,2,False,19.133765957446784,27.160229166666717,15.024140206185596,0,0.032977834531352876,11.551937500000014,0.0445024967619279,17.32783673469383,115%,77%
512,4,"(10, 1)",128,1024,torch.bfloat16,3,False,22.12883999999992,,15.302686868686873,0,0.03298615725284747,11.599020202020206,0.04592771660034441,20.316929292929245,133%,76%
512,4,"(10, 1)",128,1024,torch.bfloat16,4,False,24.48020833333331,,18.750681245444063,0,0.027417140447238673,14.036232323232337,0.0392799827956536,48.04373999999998,256%,75%
512,80,"(10, 1)",128,1024,torch.bfloat16,1,False,23.545979797979786,36.11000000000009,16.530040000000042,0,0.588202307979023,8.875652631578946,1.1164556123627682,20.73614000000001,125%,54%
512,80,"(10, 1)",128,1024,torch.bfloat16,2,False,31.5365287356322,48.46776000000006,19.980804040404113,0,0.4959396115326836,12.279040816326528,0.837345634529037,27.85049484536098,139%,61%
512,80,"(10, 1)",128,1024,torch.bfloat16,3,False,38.80863636363647,,20.50623373737372,0,0.49231549967325905,12.310877551020415,0.8654403562577847,36.388499999999866,177%,60%
512,80,"(10, 1)",128,1024,torch.bfloat16,4,False,45.858752941176554,,25.415325252525317,0,0.4045512351935477,14.800763440860225,0.7450196287176372,110.22912000000004,434%,58%
512,128,"(10, 1)",128,1024,torch.bfloat16,1,False,33.366879120879176,65.77427878787877,22.517426262626195,0,0.6908787933813608,14.56615555555555,1.0884708356836714,28.539808510638284,127%,65%
512,128,"(10, 1)",128,1024,torch.bfloat16,2,False,46.7081458333334,89.33370686868682,27.675166938775483,0,0.5728903296348252,21.376822222222234,0.7695662988162163,44.31235051546396,160%,77%
512,128,"(10, 1)",128,1024,torch.bfloat16,3,False,63.47692473118279,,29.044917551020355,0,0.5561337437352581,21.520909090909107,0.7921100513808081,58.29275000000007,201%,74%
512,128,"(10, 1)",128,1024,torch.bfloat16,4,False,76.10206741573026,,40.32609484536067,0,0.40794631915369817,26.870835051546383,0.6565845393219475,196.51944897959186,487%,67%
4096,4,"(10, 1)",128,1024,torch.bfloat16,1,False,16.9419191919193,23.46366000000007,15.027967272727334,0,0.2544595966954856,27.881969072164914,0.13748396704679608,15.783619999999974,105%,186%
4096,4,"(10, 1)",128,1024,torch.bfloat16,2,False,19.40524000000002,30.115318697175777,18.270762857142735,0,0.2098064403270779,48.21520618556704,0.07989077457813877,17.99368000000001,98%,264%
4096,4,"(10, 1)",128,1024,torch.bfloat16,3,False,23.431240000000024,,18.751259999999913,0,0.20492686586733272,48.64843434343436,0.07956220323099267,21.14799999999998,113%,259%
4096,4,"(10, 1)",128,1024,torch.bfloat16,4,False,25.28410101010103,,22.774493469387707,0,0.16913439474679032,64.4029175257732,0.06038861624611695,58.77363636363631,258%,283%
4096,80,"(10, 1)",128,1024,torch.bfloat16,1,False,89.36309090909086,243.29579454545453,57.19696653061221,0,1.3371375173627496,29.487874999999992,2.599932153210301,66.3737142857143,116%,52%
4096,80,"(10, 1)",128,1024,torch.bfloat16,2,False,114.58236,329.3049571717171,79.92421551020408,0,0.9592396228469459,50.36924242424241,1.5294850520744376,115.62187628865973,145%,63%
4096,80,"(10, 1)",128,1024,torch.bfloat16,3,False,163.60689999999988,,82.53735737373732,0,0.9311267201016925,50.96699999999996,1.5188559735130303,148.1734374999999,180%,62%
4096,80,"(10, 1)",128,1024,torch.bfloat16,4,False,196.9197959183673,,128.69398000000004,0,0.598621655590979,66.26518556701033,1.1738299797444318,667.4920599999998,519%,51%
4096,128,"(10, 1)",128,1024,torch.bfloat16,1,False,136.67795604395604,391.37555020408155,83.92120775510209,0,1.4581336350755438,55.876737373737384,2.1953028167569473,100.20070000000005,119%,67%
4096,128,"(10, 1)",128,1024,torch.bfloat16,2,False,176.46176000000006,532.8400199999999,121.66592749999998,0,1.0082227741842835,97.19606122448975,1.2681831325532182,183.32191578947368,151%,80%
4096,128,"(10, 1)",128,1024,torch.bfloat16,3,False,256.5827800000001,,125.64998000000003,0,0.9786263568973972,98.22012500000004,1.261029263027935,235.13690909090903,187%,78%
4096,128,"(10, 1)",128,1024,torch.bfloat16,4,False,308.50776,,201.38991124006026,0,0.6120584920888955,129.87322680412368,0.9582767853971885,1071.2527551020396,532%,64%
4097,4,"(10, 1)",128,1024,torch.bfloat16,1,False,16.86278571428568,24.78539393939402,16.421313061224446,0,0.23292545484548266,29.28440816326527,0.1309316213022076,15.679599999999988,95%,178%
4097,4,"(10, 1)",128,1024,torch.bfloat16,2,False,19.42672727272722,32.90346181818178,21.244019999999967,0,0.18048632225407105,50.899762886597955,0.07569547032602598,18.087999999999973,85%,240%
4097,4,"(10, 1)",128,1024,torch.bfloat16,3,False,23.482520000000076,,21.5286501010101,0,0.1785327109412096,51.924583333333295,0.07456021202564385,21.098499999999994,98%,241%
4097,4,"(10, 1)",128,1024,torch.bfloat16,4,False,25.339073684210422,,27.706060000000015,0,0.13906277150862417,68.56083673469392,0.056739890868343565,59.20098989898984,214%,247%
4097,80,"(10, 1)",128,1024,torch.bfloat16,1,False,94.50646153846155,258.73391535353534,60.55307403936256,0,1.2633353053089802,31.125268041237117,2.46375712145644,70.57126530612251,117%,51%
4097,80,"(10, 1)",128,1024,torch.bfloat16,2,False,122.67640000000002,352.32027999999997,86.38432178932177,0,0.8877201233443932,53.10102061855674,1.451151577240232,124.09512244897967,144%,61%
4097,80,"(10, 1)",128,1024,torch.bfloat16,3,False,174.22374,,89.07450505050497,0,0.8630007572332371,54.0767142857143,1.431857683594248,158.85930612244894,178%,61%
4097,80,"(10, 1)",128,1024,torch.bfloat16,4,False,211.00795959595965,,141.09563999999992,0,0.546137568982888,70.46422916666661,1.104144454618996,710.6454343434345,504%,50%
4097,128,"(10, 1)",128,1024,torch.bfloat16,1,False,146.4283578947369,421.8562337373738,90.1638056565657,0,1.3575085607242405,58.7991632653061,2.0866991034638978,106.53043749999999,118%,65%
4097,128,"(10, 1)",128,1024,torch.bfloat16,2,False,190.22888888888892,580.3998542122256,137.37571134020615,0,0.893143045980587,102.42214285714284,1.203765165212975,197.25124489795914,144%,75%
4097,128,"(10, 1)",128,1024,torch.bfloat16,3,False,275.54993939393944,,140.98590151240157,0,0.8723864100922145,104.59770707070707,1.1844260991486373,254.4355102040818,180%,74%
4097,128,"(10, 1)",128,1024,torch.bfloat16,4,False,330.9218000000001,,226.32385034013606,0,0.5447601193272513,138.2456875,0.9004570259264203,1148.728808080808,508%,61%
512,4,"(16, 1)",128,1024,torch.bfloat16,1,False,16.4867216494846,20.375029873200102,12.490832653061286,0,0.039367937515074794,,,14.852666666666742,119%,NaN
512,4,"(16, 1)",128,1024,torch.bfloat16,2,False,18.823608247422737,26.15882575757571,15.011276494845387,0,0.03375059281366188,,,17.67075268817202,118%,NaN
512,4,"(16, 1)",128,1024,torch.bfloat16,3,False,22.203104166666648,,18.470881237113385,0,0.028235828875167072,,,20.384749999999976,110%,NaN
512,4,"(16, 1)",128,1024,torch.bfloat16,4,False,24.56719587628866,,20.2143959183674,0,0.026537612360262947,,,48.07535999999999,238%,NaN
512,80,"(16, 1)",128,1024,torch.bfloat16,1,False,25.45855555555552,35.90522367346939,16.650853899822952,0,0.590646368475074,,,22.93670707070699,138%,NaN
512,80,"(16, 1)",128,1024,torch.bfloat16,2,False,36.506391304347815,46.581515151515084,20.203734281591412,0,0.5015305324545312,,,32.76771999999992,162%,NaN
512,80,"(16, 1)",128,1024,torch.bfloat16,3,False,45.6753863636364,,25.070141212121158,0,0.4160651807836713,,,43.27485714285718,173%,NaN
512,80,"(16, 1)",128,1024,torch.bfloat16,4,False,55.51685393258431,,28.045929387755127,0,0.3825452140036596,,,118.40155999999992,422%,NaN
512,128,"(16, 1)",128,1024,torch.bfloat16,1,False,36.93548888888887,65.02538000000006,22.9330244897959,0,0.6861557326511697,,,31.84261855670109,139%,NaN
512,128,"(16, 1)",128,1024,torch.bfloat16,2,False,54.04285106382981,86.31709696969695,28.55969696969708,0,0.5676693067194755,,,51.8898585858586,182%,NaN
512,128,"(16, 1)",128,1024,torch.bfloat16,3,False,74.63909278350513,,39.58737184343436,0,0.42158142255855063,,,69.44686363636373,175%,NaN
512,128,"(16, 1)",128,1024,torch.bfloat16,4,False,91.94512765957447,,44.64261916666671,0,0.38452353414178553,,,211.25066000000004,473%,NaN
4096,4,"(16, 1)",128,1024,torch.bfloat16,1,False,17.07366000000001,23.100881855670135,15.258122040816382,0,0.2509875341522662,,,15.816262626262652,104%,NaN
4096,4,"(16, 1)",128,1024,torch.bfloat16,2,False,19.385919191919257,30.354464646464567,18.802039999999955,0,0.2044724714984493,,,18.25666666666658,97%,NaN
4096,4,"(16, 1)",128,1024,torch.bfloat16,3,False,24.795659999999963,,23.885890707070793,0,0.16157658914783812,,,22.981780000000082,96%,NaN
4096,4,"(16, 1)",128,1024,torch.bfloat16,4,False,28.586059999999986,,26.870479999999972,0,0.14418432087556285,,,57.56343434343424,214%,NaN
4096,80,"(16, 1)",128,1024,torch.bfloat16,1,False,92.97079166666664,240.99633999999992,60.28527306122451,0,1.2704921890059566,,,70.35402105263161,117%,NaN
4096,80,"(16, 1)",128,1024,torch.bfloat16,2,False,121.89638000000018,327.8597194936709,82.714832244898,0,0.9295792504614141,,,122.69739393939386,148%,NaN
4096,80,"(16, 1)",128,1024,torch.bfloat16,3,False,174.20134000000002,,130.51938061022594,0,0.5913912142644915,,,156.96050505050508,120%,NaN
4096,80,"(16, 1)",128,1024,torch.bfloat16,4,False,210.27622448979588,,142.3519824175825,0,0.544327074987311,,,678.3992929292938,477%,NaN
4096,128,"(16, 1)",128,1024,torch.bfloat16,1,False,142.7312087912089,387.2121371717171,88.24522448979589,0,1.3887114046876685,,,105.5761702127659,120%,NaN
4096,128,"(16, 1)",128,1024,torch.bfloat16,2,False,187.0897999999999,527.6103860465115,124.7113877551019,0,0.986469552066815,,,192.8629278350515,155%,NaN
4096,128,"(16, 1)",128,1024,torch.bfloat16,3,False,273.00418556701044,,207.86972521739133,0,0.5941260750955989,,,248.47835789473677,120%,NaN
4096,128,"(16, 1)",128,1024,torch.bfloat16,4,False,326.905918367347,,227.62738254889322,0,0.5446517890095349,,,1089.0244666666658,478%,NaN
4097,4,"(16, 1)",128,1024,torch.bfloat16,1,False,16.94024242424238,23.958557171717096,16.222859999999958,0,0.23611926315048468,,,15.620742268041186,96%,NaN
4097,4,"(16, 1)",128,1024,torch.bfloat16,2,False,19.49012499999986,33.50850000000005,21.971425858585924,0,0.1750196339253333,,,18.356499999999922,84%,NaN
4097,4,"(16, 1)",128,1024,torch.bfloat16,3,False,23.23772,,30.033232323232326,0,0.12853535144783543,,,21.349279999999887,71%,NaN
4097,4,"(16, 1)",128,1024,torch.bfloat16,4,False,26.03967676767683,,88.78709999999987,0,0.0436463544025541,,,59.05793939393943,67%,NaN
4097,80,"(16, 1)",128,1024,torch.bfloat16,1,False,98.7158775510204,255.79199999999994,63.38887083333334,0,1.2085811591327984,,,74.34473469387751,117%,NaN
4097,80,"(16, 1)",128,1024,torch.bfloat16,2,False,129.32159999999996,350.21149974747476,89.16088333333339,0,0.8625825063241989,,,131.08133333333336,147%,NaN
4097,80,"(16, 1)",128,1024,torch.bfloat16,3,False,186.59736734693874,,143.90228636363634,0,0.5365212977959538,,,168.9112765957447,117%,NaN
4097,80,"(16, 1)",128,1024,torch.bfloat16,4,False,225.95709090909077,,216.4416988184749,0,0.3580856419192202,,,722.9718350515471,334%,NaN
4097,128,"(16, 1)",128,1024,torch.bfloat16,1,False,149.88528000000002,416.0110141666665,93.53250163265302,0,1.3105278896742145,,,112.27414736842097,120%,NaN
4097,128,"(16, 1)",128,1024,torch.bfloat16,2,False,201.29882474226827,575.9273386046514,141.29950146555933,0,0.8708720686377464,,,208.70543999999998,148%,NaN
4097,128,"(16, 1)",128,1024,torch.bfloat16,3,False,295.0195353535353,,233.13264778216956,0,0.5298727032535548,,,269.9466326530612,116%,NaN
4097,128,"(16, 1)",128,1024,torch.bfloat16,4,False,353.87229999999994,,374.771320218809,0,0.33088834914795195,,,1172.8012323232326,313%,NaN
512,4,"(64, 4)",128,1024,torch.bfloat16,1,False,16.711280000000066,20.93069978131839,13.060413204206935,0,0.15060421495349843,,,15.70974999999998,120%,NaN
512,4,"(64, 4)",128,1024,torch.bfloat16,2,False,19.176499999999972,26.525894042465477,15.489640000000119,0,0.13083311957949087,,,18.3013061224489,118%,NaN
512,4,"(64, 4)",128,1024,torch.bfloat16,3,False,24.197195876288617,,19.33779797979794,0,0.1078800476309697,,,22.83561224489798,118%,NaN
512,4,"(64, 4)",128,1024,torch.bfloat16,4,False,27.35939393939389,,20.860439999999947,0,0.10286298907952408,,,57.00379999999993,273%,NaN
512,80,"(64, 4)",128,1024,torch.bfloat16,1,False,71.74200000000002,125.00222333222341,36.88310198075824,0,1.0665877716109895,,,60.07421978021975,163%,NaN
512,80,"(64, 4)",128,1024,torch.bfloat16,2,False,107.57206060606059,168.30489780701762,48.75350030921457,0,0.8313486865599493,,,107.24157575757575,220%,NaN
512,80,"(64, 4)",128,1024,torch.bfloat16,3,False,155.00175510204082,,71.9191053061225,0,0.580141412565953,,,145.0814105263158,202%,NaN
512,80,"(64, 4)",128,1024,torch.bfloat16,4,False,192.85012371134,,80.00007023195874,0,0.5364413320369468,,,431.114816326531,539%,NaN
512,128,"(64, 4)",128,1024,torch.bfloat16,1,False,109.15912000000012,199.52389030303036,52.32746113769281,0,1.202857992998888,,,90.25724210526305,172%,NaN
512,128,"(64, 4)",128,1024,torch.bfloat16,2,False,164.99690909090904,268.77679463917525,71.71866242424242,0,0.9042256411868659,,,166.6983092783505,232%,NaN
512,128,"(64, 4)",128,1024,torch.bfloat16,3,False,240.29031999999992,,109.83352195871757,0,0.6078035280843411,,,226.86426804123715,207%,NaN
512,128,"(64, 4)",128,1024,torch.bfloat16,4,False,300.8483265306123,,121.72805936331716,0,0.5640815366678071,,,685.9478979591839,564%,NaN
4096,4,"(64, 4)",128,1024,torch.bfloat16,1,False,29.390808510638372,65.52611111111122,23.98184224719102,0,0.6387496652418194,,,24.13050574712648,101%,NaN
4096,4,"(64, 4)",128,1024,torch.bfloat16,2,False,37.07456521739134,88.48206444444445,30.216371111111144,0,0.5089293580457778,,,34.46018390804599,114%,NaN
4096,4,"(64, 4)",128,1024,torch.bfloat16,3,False,49.75938947368413,,43.18415483146072,0,0.35748304110792734,,,44.7291724137931,104%,NaN
4096,4,"(64, 4)",128,1024,torch.bfloat16,4,False,57.819042553191565,,48.562193406593416,0,0.319120833605046,,,175.49109090909096,361%,NaN
4096,80,"(64, 4)",128,1024,torch.bfloat16,1,False,336.43864000000025,938.1582822222229,197.489756462585,0,1.5513102027828467,,,243.77957142857147,123%,NaN
4096,80,"(64, 4)",128,1024,torch.bfloat16,2,False,444.89499999999964,1292.5235855396054,289.2836708333335,0,1.0631777664983093,,,457.78264,158%,NaN
4096,80,"(64, 4)",128,1024,torch.bfloat16,3,False,657.4066185567002,,490.8791224489795,0,0.6289777784725691,,,588.5637204301079,120%,NaN
4096,80,"(64, 4)",128,1024,torch.bfloat16,4,False,795.7412448979588,,536.1555195251484,0,0.5780862856854228,,,2659.5007676767686,496%,NaN
4096,128,"(64, 4)",128,1024,torch.bfloat16,1,False,530.1756399999998,1510.6856880851064,308.05765978494617,0,1.5912235357984967,,,384.5043600000001,125%,NaN
4096,128,"(64, 4)",128,1024,torch.bfloat16,2,False,708.2459111111111,2074.292111647289,459.0899880075741,0,1.0718943129239105,,,735.8734999999998,160%,NaN
4096,128,"(64, 4)",128,1024,torch.bfloat16,3,False,1056.3268600000006,,793.0903203165685,0,0.6228840312932479,,,955.2909400000003,120%,NaN
4096,128,"(64, 4)",128,1024,torch.bfloat16,4,False,1266.8315200000002,,862.0846666666669,0,0.5752458705114615,,,4256.70257142857,494%,NaN
4097,4,"(64, 4)",128,1024,torch.bfloat16,1,False,28.96071111111117,66.4518219696969,24.9858447191012,0,0.6132319787395615,,,23.892930232558186,96%,NaN
4097,4,"(64, 4)",128,1024,torch.bfloat16,2,False,37.94737634408602,91.65447409733127,33.71172109890119,0,0.4562722738843078,,,35.456561797752734,105%,NaN
4097,4,"(64, 4)",128,1024,torch.bfloat16,3,False,51.55652631578943,,49.47811515151521,0,0.3120840040053902,,,46.23530232558154,93%,NaN
4097,4,"(64, 4)",128,1024,torch.bfloat16,4,False,59.799462365591324,,120.81696444444432,0,0.1283009633885303,,,178.42117171717175,148%,NaN
4097,80,"(64, 4)",128,1024,torch.bfloat16,1,False,362.5831200000001,1001.1012725274733,215.70828999674174,0,1.4206333004452716,,,263.02232989690725,122%,NaN
4097,80,"(64, 4)",128,1024,torch.bfloat16,2,False,480.98868000000056,1389.6010676020403,324.16557787234035,0,0.9490041319813863,,,493.7211,152%,NaN
4097,80,"(64, 4)",128,1024,torch.bfloat16,3,False,708.8594255319146,,542.4821520701516,0,0.5692842880894565,,,638.1535799999998,118%,NaN
4097,80,"(64, 4)",128,1024,torch.bfloat16,4,False,861.4365858585857,,833.4167612121216,0,0.37198514964722956,,,2839.7541894736823,341%,NaN
4097,128,"(64, 4)",128,1024,torch.bfloat16,1,False,571.3629999999997,1612.7923901098911,339.5846741976895,0,1.4438455124065175,,,414.7851648351653,122%,NaN
4097,128,"(64, 4)",128,1024,torch.bfloat16,2,False,764.5111800000002,2228.6274282646036,518.2412448979592,0,0.9497799748688317,,,794.7505567010314,153%,NaN
4097,128,"(64, 4)",128,1024,torch.bfloat16,3,False,1139.8462999999997,,878.6688775510207,0,0.5623534846996974,,,1035.7284042553192,118%,NaN
4097,128,"(64, 4)",128,1024,torch.bfloat16,4,False,1370.0958600000001,,1372.077557391304,0,0.3615173582198149,,,4545.192039999999,331%,NaN
